enchantmentID,enchSortOrder,enchGroup,enchName,enchShortName,enchBonusType,enchEffect,enchCannithMinLevel,enchAugmentMinLevel,enchDesc,enchSupercededBy,allEnch,basic,nonscaling,forMeleeDmg,forRangedDmg,forACDefence,forResistDefence,forHitPoints,forAlchemist,forArtificer,forBarbarian,forBard,forCleric,forDruid,forFavoredSoul,forFighter,forMonk,forPaladin,forRanger,forRogue,forSorcerer,forWarlock,forWizard,enchNotes,createBy,createTime,updateBy,updateTime
1000,64,Ability,"Ability (Charisma)",CHA,Enhancement,CHA,0,0,"Enhancement bonus to CHA",NULL,1,0,0,0,0,0,0,0,0,8,0,32,8,0,8,0,8,16,0,0,32,0,0,NULL,0,"2021-05-16 23:53:26",0,"2021-05-16 23:53:26"
1010,128,Ability,"Ability (Constitution)",CON,Enhancement,CON,0,0,"Enhancement bonus to CON",NULL,1,1,0,0,0,0,8,32,0,1,32,8,8,8,8,16,16,16,16,8,8,8,8,NULL,0,"2021-05-16 23:53:26",0,"2021-05-16 23:53:26"
1020,192,Ability,"Ability (Dexterity)",DEX,Enhancement,DEX,0,0,"Enhancement bonus to DEX",NULL,1,1,0,16,32,16,8,0,0,16,16,0,0,0,0,16,16,16,16,32,16,0,16,NULL,0,"2021-05-16 23:53:26",0,"2021-05-16 23:53:26"
1030,256,Ability,"Ability (Intelligence)",INT,Enhancement,INT,0,0,"Enhancement bonus to INT",NULL,1,0,0,0,0,0,0,0,16,32,0,0,0,0,0,0,0,0,0,32,0,0,32,NULL,0,"2021-05-16 23:53:26",0,"2021-05-16 23:53:26"
1040,320,Ability,"Ability (Strength)",STR,Enhancement,STR,0,0,"Enhancement bonus to STR",NULL,1,0,0,32,16,0,0,0,0,0,32,0,0,0,0,32,32,32,32,16,0,0,0,NULL,0,"2021-05-16 23:53:26",0,"2021-05-16 23:53:26"
1050,384,Ability,"Ability (Wisdom)",WIS,Enhancement,WIS,0,0,"Enhancement bonus to WIS",NULL,1,0,0,0,0,0,16,0,0,16,0,0,32,0,0,0,8,0,8,32,0,0,0,NULL,0,"2021-05-16 23:53:26",0,"2021-05-16 23:53:26"
1055,416,Ability,"Imperial Blood",ALL,Enhancement,"ALL Abilities",100,14,"+3 Enhancement bonus to ALL Ability Scores",NULL,1,1,1,0,0,0,2,0,2,2,2,2,2,2,2,2,2,2,2,2,2,2,2,NULL,0,"2021-05-16 23:53:26",0,"2021-05-16 23:53:26"
1060,448,Ability,"Insightful Ability (Charisma)","Ins. CHA",Insight,CHA,10,24,"Insight bonus to CHA",NULL,1,0,0,0,0,0,0,0,0,8,0,32,8,0,8,0,8,16,0,0,32,0,0,NULL,0,"2021-05-16 23:53:26",0,"2021-05-16 23:53:26"
1070,512,Ability,"Insightful Ability (Constitution)","Ins. CON",Insight,CON,10,24,"Insight bonus to CON",NULL,1,1,0,0,0,0,8,32,0,1,32,8,8,8,8,16,16,16,16,8,8,8,8,NULL,0,"2021-05-16 23:53:26",0,"2021-05-16 23:53:26"
1080,576,Ability,"Insightful Ability (Dexterity)","Ins. DEX",Insight,DEX,10,24,"Insight bonus to DEX",NULL,1,1,0,16,32,16,8,0,0,16,16,0,0,0,0,16,16,16,16,32,16,0,16,NULL,0,"2021-05-16 23:53:26",0,"2021-05-16 23:53:26"
1090,640,Ability,"Insightful Ability (Intelligence)","Ins. INT",Insight,INT,10,24,"Insight bonus to INT",NULL,1,0,0,0,0,0,0,0,16,32,0,0,0,0,0,0,0,0,0,32,0,0,32,NULL,0,"2021-05-16 23:53:26",0,"2021-05-16 23:53:26"
1100,704,Ability,"Insightful Ability (Strength)","Ins. STR",Insight,STR,10,24,"Insight bonus to STR",NULL,1,0,0,32,16,0,0,0,0,0,32,0,0,0,0,32,32,32,32,16,0,0,0,NULL,0,"2021-05-16 23:53:26",0,"2021-05-16 23:53:26"
1110,768,Ability,"Insightful Ability (Wisdom)","Ins. WIS",Insight,WIS,10,24,"Insight bonus to WIS",NULL,1,0,0,0,0,0,16,0,0,16,0,0,32,0,0,0,8,0,8,32,0,0,0,NULL,0,"2021-05-16 23:53:26",0,"2021-05-16 23:53:26"
1120,832,Ability,"Exceptional Ability (Charisma)","Ex. CHA",Exceptional,CHA,100,20,"Exceptional bonus to CHA",NULL,1,0,0,0,0,0,0,0,0,8,0,32,8,0,8,0,8,16,0,0,32,0,0,NULL,0,"2021-05-16 23:53:26",0,"2021-05-16 23:53:26"
1130,896,Ability,"Exceptional Ability (Constitution)","Ex. CON",Exceptional,CON,100,20,"Exceptional bonus to CON",NULL,1,1,0,0,0,0,8,32,0,1,32,8,8,8,8,16,16,16,16,8,8,8,8,NULL,0,"2021-05-16 23:53:26",0,"2021-05-16 23:53:26"
1140,960,Ability,"Exceptional Ability (Dexterity)","Ex. DEX",Exceptional,DEX,100,20,"Exceptional bonus to DEX",NULL,1,0,0,16,32,16,8,0,0,16,16,0,0,0,0,16,16,16,16,32,16,0,16,NULL,0,"2021-05-16 23:53:26",0,"2021-05-16 23:53:26"
1150,1024,Ability,"Exceptional Ability (Intelligence)","Ex. INT",Exceptional,INT,100,20,"Exceptional bonus to INT",NULL,1,1,0,0,0,0,0,0,16,32,0,0,0,0,0,0,0,0,0,32,0,0,32,NULL,0,"2021-05-16 23:53:26",0,"2021-05-16 23:53:26"
1160,1088,Ability,"Exceptional Ability (Strength)","Ex. STR",Exceptional,STR,100,20,"Exceptional bonus to STR",NULL,1,0,0,32,16,0,0,0,0,0,32,0,0,0,0,32,32,32,32,16,0,0,0,NULL,0,"2021-05-16 23:53:26",0,"2021-05-16 23:53:26"
1170,1152,Ability,"Exceptional Ability (Wisdom)","Ex. WIS",Exceptional,WIS,100,20,"Exceptional bonus to WIS",NULL,1,0,0,0,0,0,16,0,0,16,0,0,32,0,0,0,8,0,8,32,0,0,0,NULL,0,"2021-05-16 23:53:26",0,"2021-05-16 23:53:26"
1175,1184,Ability,"True Imperial Blood","Ex. ALL",Exceptional,"ALL Abilities",100,25,"+1 Exceptional bonus to ALL Ability Scores",NULL,1,1,1,0,0,0,16,0,16,16,16,16,16,16,16,16,16,16,16,16,16,16,16,NULL,0,"2021-05-16 23:53:26",0,"2021-05-16 23:53:26"
1180,1216,"Ability Damage","Ability Damage (Charisma)","Cha Dmg",Untyped,"CHA Damage",0,100,"Untyped bonus to CHA Damage",NULL,1,0,0,1,0,0,0,0,0,0,0,0,0,0,0,1,0,0,0,0,0,0,0,NULL,0,"2021-05-16 23:53:26",0,"2021-05-16 23:53:26"
1190,1280,"Ability Damage","Ability Damage (Constitution)","Con Dmg",Untyped,"CON Damage",0,100,"Untyped bonus to CON Damage",NULL,1,0,0,4,4,0,0,0,0,0,0,0,0,0,0,1,0,0,0,0,0,0,0,NULL,0,"2021-05-16 23:53:26",0,"2021-05-16 23:53:26"
1200,1344,"Ability Damage","Ability Damage (Dexterity)","Dex Dmg",Untyped,"DEX Damage",0,100,"Untyped bonus to DEX Damage",NULL,1,0,0,1,1,0,0,0,0,0,0,0,0,0,0,1,0,0,0,0,0,0,0,NULL,0,"2021-05-16 23:53:26",0,"2021-05-16 23:53:26"
1210,1408,"Ability Damage","Ability Damage (Intelligence)","Int Dmg",Untyped,"INT Damage",0,100,"Untyped bonus to INT Damage",NULL,1,0,0,1,1,0,0,0,0,0,0,0,0,0,0,1,0,0,0,0,0,0,0,NULL,0,"2021-05-16 23:53:26",0,"2021-05-16 23:53:26"
1220,1472,"Ability Damage","Ability Damage (Strength)","Str Dmg",Untyped,"STR Damage",0,100,"Untyped bonus to STR Damage",NULL,1,0,0,4,4,0,0,0,0,0,0,0,0,0,0,1,0,0,0,0,0,0,0,NULL,0,"2021-05-16 23:53:26",0,"2021-05-16 23:53:26"
1230,1536,"Ability Damage","Ability Damage (Wisdom)","Wis Dmg",Untyped,"WIS Damage",0,100,"Untyped bonus to WIS Damage",NULL,1,0,0,1,1,0,0,0,0,0,0,0,0,0,0,1,0,0,0,0,0,0,0,NULL,0,"2021-05-16 23:53:26",0,"2021-05-16 23:53:26"
1250,1664,"Arcane Spell Failure","Lesser Arcane Spell Dexterity","L. Arc. Spell Dex",Untyped,"Spell Failure Dex",1,100,"Untyped bonus to Spell Failure Dex",NULL,1,0,1,0,0,0,0,0,0,1,0,0,0,0,0,0,0,0,0,0,2,0,2,NULL,0,"2021-05-16 23:53:26",0,"2021-05-16 23:53:26"
1260,1728,"Arcane Spell Failure",Twilight,Twilight,Enhancement,"Spell Failure Chance",1,12,"Enhancement reduction to Arcane Spell Failure Chance",NULL,1,0,1,0,0,0,0,0,0,1,0,0,0,0,0,0,0,0,0,0,2,0,2,NULL,0,"2021-05-16 23:53:26",0,"2021-05-16 23:53:26"
1270,1792,"Armor Class",Protection,Prot,Deflection,AC,0,0,"Deflection bonus to AC",NULL,1,1,0,0,0,16,0,0,0,0,0,0,1,0,0,1,0,0,0,0,0,0,0,NULL,0,"2021-05-16 23:53:26",0,"2021-05-16 23:53:26"
1280,1856,"Armor Class","Natural Armor","Nat. Armor","Natural Armor",AC,0,0,"Natural Armor bonus to AC",NULL,1,1,0,0,0,16,0,0,0,0,0,0,1,0,0,1,0,0,0,0,0,0,0,NULL,0,"2021-05-16 23:53:26",0,"2021-05-16 23:53:26"
1290,1920,"Armor Class",Dodge,Dodge,Dodge,AC,0,0,"Dodge bonus to AC",NULL,1,1,0,0,0,16,0,0,0,0,0,0,1,0,0,1,0,0,0,0,0,0,0,NULL,0,"2021-05-16 23:53:26",0,"2021-05-16 23:53:26"
1300,1984,"Armor Class","Insightful Dodge","Ins. Dodge",Insight,AC,10,100,"Insight bonus to AC",NULL,1,1,0,0,0,16,0,0,0,0,0,0,1,0,0,1,0,0,0,0,0,0,0,NULL,0,"2021-05-16 23:53:26",0,"2021-05-16 23:53:26"
1310,2048,"Armor Class","Max Dex Bonus",NULL,Enhancement,"Max AC",12,12,"Enhancement bonus to Max Dex bonus to AC (A.K.A. Armored Agility)",NULL,1,0,0,0,0,16,0,0,0,1,0,0,1,0,0,1,0,0,0,0,0,0,0,NULL,0,"2021-05-16 23:53:26",0,"2021-05-16 23:53:26"
1320,2112,"Combat Tactic",Assassinate,Assassinate,Enhancement,"Assassinate DC",0,100,"Enhancement bonus to Assassinate DC",NULL,1,0,0,1,1,0,0,0,0,0,0,0,0,0,0,1,0,0,0,0,0,0,0,NULL,0,"2021-05-16 23:53:26",0,"2021-05-16 23:53:26"
1330,2176,"Combat Tactic","Insightful Assassinate","Ins. Assassinate",Insight,"Assassinate DC",10,100,"Insight bonus to Assassinate DC",NULL,1,0,0,1,1,0,0,0,0,0,0,0,0,0,0,1,0,0,0,0,0,0,0,NULL,0,"2021-05-16 23:53:26",0,"2021-05-16 23:53:26"
1340,2240,"Combat Tactics","Combat Mastery","Combat Mastery",Enhancement,"Tactical Feat DC",0,100,"Enhancement bonus to ALL Tactical Feat DCs",NULL,1,0,0,4,4,0,0,0,0,0,0,0,0,0,0,4,0,0,0,0,0,0,0,NULL,0,"2021-05-16 23:53:26",0,"2021-05-16 23:53:26"
1350,2304,"Combat Tactics","Insightful Combat Mastery","Ins. Cbt Mstry",Insight,"Tactical Feat DC",10,100,"Insight bonus to ALL Tactical Feat DCs",NULL,1,0,0,4,4,0,0,0,0,0,0,0,0,0,0,4,0,0,0,0,0,0,0,NULL,0,"2021-05-16 23:53:26",0,"2021-05-16 23:53:26"
1370,2432,"Combat Tactics",Stunning,NULL,Enhancement,"Stunning DC",0,0,"Enhancement bonus to Stunning DC",NULL,1,0,0,2,2,0,0,0,0,0,0,0,0,0,0,4,0,0,0,0,0,0,0,NULL,0,"2021-05-16 23:53:26",0,"2021-05-16 23:53:26"
1380,2496,"Combat Tactics",Sunder,NULL,Enhancement,"Sunder DC",0,0,"Enhancement bonus to Sunder DC",NULL,1,0,0,1,1,0,0,0,0,0,0,0,0,0,0,1,0,0,0,0,0,0,0,NULL,0,"2021-05-16 23:53:26",0,"2021-05-16 23:53:26"
1390,2560,"Combat Tactics","Tendon Slice",NULL,Enhancement,"Hamstring DC",0,0,"Enhancement bonus to Tendon Slice DC",NULL,1,0,0,1,1,0,0,0,0,0,0,0,0,0,0,1,0,0,0,0,0,0,0,NULL,0,"2021-05-16 23:53:26",0,"2021-05-16 23:53:26"
1400,2624,"Combat Tactics",Trip,NULL,Enhancement,"Trip DC",0,0,"Enhancement bonus to Trip DC",NULL,1,0,0,2,2,0,0,0,0,0,0,0,0,0,0,4,0,0,0,0,0,0,0,NULL,0,"2021-05-16 23:53:26",0,"2021-05-16 23:53:26"
1420,2752,"Combat Tactics","Insightful Stunning",NULL,Insight,"Sunder DC",10,100,"Insight bonus to Stunning DC",NULL,1,0,0,1,1,0,0,0,0,0,0,0,0,0,0,1,0,0,0,0,0,0,0,NULL,0,"2021-05-16 23:53:26",0,"2021-05-16 23:53:26"
1430,2816,"Combat Tactics","Insightful Sunder",NULL,Insight,"Stunning DC",10,100,"Insight bonus to Sunder DC",NULL,1,0,0,2,2,0,0,0,0,0,0,0,0,0,0,4,0,0,0,0,0,0,0,NULL,0,"2021-05-16 23:53:26",0,"2021-05-16 23:53:26"
1440,2880,"Combat Tactics","Insightful Tendon Slice",NULL,Insight,"Hamstring DC",10,100,"Insight bonus to Tendon Slice DC",NULL,1,0,0,1,1,0,0,0,0,0,0,0,0,0,0,1,0,0,0,0,0,0,0,NULL,0,"2021-05-16 23:53:26",0,"2021-05-16 23:53:26"
1450,2944,"Combat Tactics","Insightful Trip",NULL,Insight,"Trip DC",10,100,"Insight bonus to Trip DC",NULL,1,0,0,1,1,0,0,0,0,0,0,0,0,0,0,1,0,0,0,0,0,0,0,NULL,0,"2021-05-16 23:53:26",0,"2021-05-16 23:53:26"
1460,3008,"Combat Tactics",Diversion,Diversion,Enhancement,"Threat Reduction",0,100,"Enhancement bonus to Threat Reduction",NULL,1,0,0,0,1,0,0,0,0,0,0,0,1,0,0,1,0,0,0,0,1,0,1,NULL,0,"2021-05-16 23:53:26",0,"2021-05-16 23:53:26"
1470,3072,"Combat Tactics","Insightful Diversion","Ins. Diversion",Insight,"Threat Reduction",10,100,"Insight bonus to Threat Reduction",NULL,1,0,0,0,1,0,0,0,0,0,0,0,1,0,0,1,0,0,0,0,1,0,1,NULL,0,"2021-05-16 23:53:26",0,"2021-05-16 23:53:26"
1480,3136,"Combat Tactics",Incite,Incite,Enhancement,"Threat Bonus",0,100,"Enhancement bonus to Threat Increase",NULL,1,0,0,4,0,3,0,0,0,0,0,0,0,0,0,4,0,0,0,0,0,0,0,NULL,0,"2021-05-16 23:53:26",0,"2021-05-16 23:53:26"
1490,3200,"Combat Tactics","Insightful Incite","Ins. Incite",Insight,"Threat Bonus",10,100,"Insight bonus to Threat Increase",NULL,1,0,0,4,0,3,0,0,0,0,0,0,0,0,0,4,0,0,0,0,0,0,0,NULL,0,"2021-05-16 23:53:26",0,"2021-05-16 23:53:26"
1510,3328,Damage,Deadly,Deadly,Competance,Damage,0,100,"Competance bonus to Damage",NULL,1,0,0,16,16,0,0,0,0,0,0,0,0,0,0,8,0,0,0,0,0,0,0,NULL,0,"2021-05-16 23:53:26",0,"2021-05-16 23:53:26"
1520,3392,Damage,"Insightful Deadly","Ins. Deadly",Insight,Damage,10,100,"Insight bonus to Damage",NULL,1,0,0,16,16,0,0,0,0,0,0,0,0,0,0,8,0,0,0,0,0,0,0,NULL,0,"2021-05-16 23:53:26",0,"2021-05-16 23:53:26"
1530,3456,Damage,"Damage (Acid)",Acid,Enhancement,"Acid Damage",0,0,"Enhancement bonus to Acid Damage",NULL,1,0,0,4,4,0,0,0,0,0,0,0,0,0,0,4,0,0,0,0,0,0,0,NULL,0,"2021-05-16 23:53:26",0,"2021-05-16 23:53:26"
1540,3520,Damage,"Damage (Cold)",Cold,Enhancement,"Cold Damage",0,0,"Enhancement bonus to Cold Damage",NULL,1,0,0,4,4,0,0,0,0,0,0,0,0,0,0,4,0,0,0,0,0,0,0,NULL,0,"2021-05-16 23:53:26",0,"2021-05-16 23:53:26"
1550,3584,Damage,"Damage (Electricity)",Electricity,Enhancement,"Electricity Damage",0,0,"Enhancement bonus to Electricity Damage",NULL,1,0,0,4,4,0,0,0,0,0,0,0,0,0,0,4,0,0,0,0,0,0,0,NULL,0,"2021-05-16 23:53:26",0,"2021-05-16 23:53:26"
1560,3648,Damage,"Damage (Fire)",Fire,Enhancement,"Fire Damage",0,0,"Enhancement bonus to Fire Damage",NULL,1,0,0,4,4,0,0,0,0,0,0,0,0,0,0,4,0,0,0,0,0,0,0,NULL,0,"2021-05-16 23:53:26",0,"2021-05-16 23:53:26"
1570,3712,Damage,"Damage (Force)",Force,Enhancement,"Force Damage",0,100,"Enhancement bonus to Force Damage",NULL,1,0,0,4,4,0,0,0,0,0,0,0,0,0,0,4,0,0,0,0,0,0,0,NULL,0,"2021-05-16 23:53:26",0,"2021-05-16 23:53:26"
1580,3776,Damage,"Damage (Light)",Light,Enhancement,"Light Damage",0,100,"Enhancement bonus to Light Damage",NULL,1,0,0,4,4,0,0,0,0,0,0,0,0,0,0,4,0,0,0,0,0,0,0,NULL,0,"2021-05-16 23:53:26",0,"2021-05-16 23:53:26"
1590,3840,Damage,"Damage (Negative)",Negative,Enhancement,"Negative Damage",0,100,"Enhancement bonus to Negative Damage",NULL,1,0,0,4,4,0,0,0,0,0,0,0,0,0,0,4,0,0,0,0,0,0,0,NULL,0,"2021-05-16 23:53:26",0,"2021-05-16 23:53:26"
1600,3904,Damage,"Damage (Poison)",Poison,Enhancement,"Poison Damage",0,100,"Enhancement bonus to Poison Damage",NULL,1,0,0,4,4,0,0,0,0,0,0,0,0,0,0,4,0,0,0,0,0,0,0,NULL,0,"2021-05-16 23:53:26",0,"2021-05-16 23:53:26"
1610,3968,Damage,"Damage (Sonic)",Sonic,Enhancement,"Sonic Damage",0,100,"Enhancement bonus to Sonic Damage",NULL,1,0,0,4,4,0,0,0,0,0,0,0,0,0,0,4,0,0,0,0,0,0,0,NULL,0,"2021-05-16 23:53:26",0,"2021-05-16 23:53:26"
1620,4032,Damage,"Damage (Bludgeon)",Bludgeon,Enhancement,"Bludgeon Damage",0,100,"Enhancement bonus to Bludgeon Damage",NULL,1,0,0,4,4,0,0,0,0,0,0,0,0,0,0,4,0,0,0,0,0,0,0,NULL,0,"2021-05-16 23:53:26",0,"2021-05-16 23:53:26"
1630,4096,Damage,"Damage (Piercing)",Piercing,Enhancement,"Piercing Damage",0,100,"Enhancement bonus to Piercing Damage",NULL,1,0,0,4,4,0,0,0,0,0,0,0,0,0,0,4,0,0,0,0,0,0,0,NULL,0,"2021-05-16 23:53:26",0,"2021-05-16 23:53:26"
1640,4160,Damage,"Damage (Slashing)",Slash,Enhancement,"Slashing Damage",0,100,"Enhancement bonus to Slashing Damage",NULL,1,0,0,4,4,0,0,0,0,0,0,0,0,0,0,4,0,0,0,0,0,0,0,NULL,0,"2021-05-16 23:53:26",0,"2021-05-16 23:53:26"
1650,4224,Damage,"Damage (Chaos)",Chaos,Enhancement,"Chaos Damage",0,100,"Enhancement bonus to Chaos Damage",NULL,1,0,0,4,4,0,0,0,0,0,0,0,0,0,0,4,0,0,0,0,0,0,0,NULL,0,"2021-05-16 23:53:26",0,"2021-05-16 23:53:26"
1660,4288,Damage,"Damage (Evil)",Evil,Enhancement,"Evil Damage",0,100,"Enhancement bonus to Evil Damage",NULL,1,0,0,4,4,0,0,0,0,0,0,0,0,0,0,4,0,0,0,0,0,0,0,NULL,0,"2021-05-16 23:53:26",0,"2021-05-16 23:53:26"
1670,4352,Damage,"Damage (Good)",Good,Enhancement,"Good Damage",0,100,"Enhancement bonus to Good Damage",NULL,1,0,0,4,4,0,0,0,0,0,0,0,0,0,0,4,0,0,0,0,0,0,0,NULL,0,"2021-05-16 23:53:26",0,"2021-05-16 23:53:26"
1680,4416,Damage,"Damage (Law)",Law,Enhancement,"Law Damage",0,100,"Enhancement bonus to Law Damage",NULL,1,0,0,4,4,0,0,0,0,0,0,0,0,0,0,4,0,0,0,0,0,0,0,NULL,0,"2021-05-16 23:53:26",0,"2021-05-16 23:53:26"
1690,4480,Damage,"Bane (Aberration)","Abber. Bane",Untyped,"Aberration Damage",0,100,"Untyped bonus to Aberration Damage",NULL,1,0,0,1,1,0,0,0,0,0,0,0,0,0,0,2,0,0,0,0,0,0,0,NULL,0,"2021-05-16 23:53:26",0,"2021-05-16 23:53:26"
1700,4544,Damage,"Bane (Animal)","Animal Bane",Untyped,"Animal Damage",0,100,"Untyped bonus to Animal Damage",NULL,1,0,0,1,1,0,0,0,0,0,0,0,0,0,0,2,0,0,0,0,0,0,0,NULL,0,"2021-05-16 23:53:26",0,"2021-05-16 23:53:26"
1710,4608,Damage,"Bane (Chaotic Outsider)","CO Bane",Untyped,"Chaotic Outsider Damage",0,100,"Untyped bonus to Chaotic Outsider Damage",NULL,1,0,0,1,1,0,0,0,0,0,0,0,0,0,0,2,0,0,0,0,0,0,0,NULL,0,"2021-05-16 23:53:26",0,"2021-05-16 23:53:26"
1720,4672,Damage,"Bane (Construct)","Construct Bane",Untyped,"Construct Damage",0,100,"Untyped bonus to Construct Damage",NULL,1,0,0,1,1,0,0,0,0,0,0,0,0,0,0,2,0,0,0,0,0,0,0,NULL,0,"2021-05-16 23:53:26",0,"2021-05-16 23:53:26"
1730,4736,Damage,"Bane (Dragon)","Dragon Bane",Untyped,"Dragon Damage",0,100,"Untyped bonus to Dragon Damage",NULL,1,0,0,1,1,0,0,0,0,0,0,0,0,0,0,2,0,0,0,0,0,0,0,NULL,0,"2021-05-16 23:53:26",0,"2021-05-16 23:53:26"
1740,4800,Damage,"Bane (Dwarf)","Dwarf Bane",Untyped,"Dwarf Damage",0,100,"Untyped bonus to Dwarf Damage",NULL,1,0,0,1,1,0,0,0,0,0,0,0,0,0,0,2,0,0,0,0,0,0,0,NULL,0,"2021-05-16 23:53:26",0,"2021-05-16 23:53:26"
1750,4864,Damage,"Bane (Elemental)","Elem. Bane",Untyped,"Elemental Damage",0,100,"Untyped bonus to Elemental Damage",NULL,1,0,0,1,1,0,0,0,0,0,0,0,0,0,0,2,0,0,0,0,0,0,0,NULL,0,"2021-05-16 23:53:26",0,"2021-05-16 23:53:26"
1760,4928,Damage,"Bane (Elf)","Elf Bane",Untyped,"Elf Damage",0,100,"Untyped bonus to Elf Damage",NULL,1,0,0,1,1,0,0,0,0,0,0,0,0,0,0,2,0,0,0,0,0,0,0,NULL,0,"2021-05-16 23:53:26",0,"2021-05-16 23:53:26"
1770,4992,Damage,"Bane (Evil Outsider)","EO Bane",Untyped,"Evil Outsider Damage",0,100,"Untyped bonus to Evil Outsider Damage",NULL,1,0,0,1,1,0,0,0,0,0,0,0,0,0,0,2,0,0,0,0,0,0,0,NULL,0,"2021-05-16 23:53:26",0,"2021-05-16 23:53:26"
1780,5056,Damage,"Bane (Giant)","Giant Bane",Untyped,"Giant Damage",0,100,"Untyped bonus to Giant Damage",NULL,1,0,0,1,1,0,0,0,0,0,0,0,0,0,0,2,0,0,0,0,0,0,0,NULL,0,"2021-05-16 23:53:26",0,"2021-05-16 23:53:26"
1790,5120,Damage,"Bane (Gnoll)","Gnoll Bane",Untyped,"Gnoll Damage",0,100,"Untyped bonus to Gnoll Damage",NULL,1,0,0,1,1,0,0,0,0,0,0,0,0,0,0,2,0,0,0,0,0,0,0,NULL,0,"2021-05-16 23:53:26",0,"2021-05-16 23:53:26"
1800,5184,Damage,"Bane (Goblinoid)","Goblin Bane",Untyped,"Goblinoid Damage",0,100,"Untyped bonus to Goblinoid Damage",NULL,1,0,0,1,1,0,0,0,0,0,0,0,0,0,0,2,0,0,0,0,0,0,0,NULL,0,"2021-05-16 23:53:26",0,"2021-05-16 23:53:26"
1810,5248,Damage,"Bane (Halfling)","Halfling Bane",Untyped,"Halfling Damage",0,100,"Untyped bonus to Halfling Damage",NULL,1,0,0,1,1,0,0,0,0,0,0,0,0,0,0,2,0,0,0,0,0,0,0,NULL,0,"2021-05-16 23:53:26",0,"2021-05-16 23:53:26"
1820,5312,Damage,"Bane (Human)","Human Bane",Untyped,"Human Damage",0,100,"Untyped bonus to Human Damage",NULL,1,0,0,1,1,0,0,0,0,0,0,0,0,0,0,2,0,0,0,0,0,0,0,NULL,0,"2021-05-16 23:53:26",0,"2021-05-16 23:53:26"
1830,5376,Damage,"Bane (Incorporeal)","Incorp. Bane",Untyped,"Incorporeal Damage",0,100,"Untyped bonus to Incorporeal Damage",NULL,1,0,0,1,1,0,0,0,0,0,0,0,0,0,0,2,0,0,0,0,0,0,0,NULL,0,"2021-05-16 23:53:26",0,"2021-05-16 23:53:26"
1840,5440,Damage,"Bane (Lawful Outsider)","LO Bane",Untyped,"Lawful Outsider Damage",0,100,"Untyped bonus to Lawful Outsider Damage",NULL,1,0,0,1,1,0,0,0,0,0,0,0,0,0,0,2,0,0,0,0,0,0,0,NULL,0,"2021-05-16 23:53:26",0,"2021-05-16 23:53:26"
1850,5504,Damage,"Bane (Magical Beast)","Mag. Beast Bane",Untyped,"Magical Beast Damage",0,100,"Untyped bonus to Magical Beast Damage",NULL,1,0,0,1,1,0,0,0,0,0,0,0,0,0,0,2,0,0,0,0,0,0,0,NULL,0,"2021-05-16 23:53:26",0,"2021-05-16 23:53:26"
1860,5568,Damage,"Bane (Monstrous Humanoid)","Mon. Hum. Bane",Untyped,"Monstrous Humanoid Damage",0,100,"Untyped bonus to Monstrous Humanoid Damage",NULL,1,0,0,1,1,0,0,0,0,0,0,0,0,0,0,2,0,0,0,0,0,0,0,NULL,0,"2021-05-16 23:53:26",0,"2021-05-16 23:53:26"
1870,5632,Damage,"Bane (Ooze)","Ooze Bane",Untyped,"Ooze Damage",0,100,"Untyped bonus to Ooze Damage",NULL,1,0,0,1,1,0,0,0,0,0,0,0,0,0,0,2,0,0,0,0,0,0,0,NULL,0,"2021-05-16 23:53:26",0,"2021-05-16 23:53:26"
1880,5696,Damage,"Bane (Orc)","Orc Bane",Untyped,"Orc Damage",0,100,"Untyped bonus to Orc Damage",NULL,1,0,0,1,1,0,0,0,0,0,0,0,0,0,0,2,0,0,0,0,0,0,0,NULL,0,"2021-05-16 23:53:26",0,"2021-05-16 23:53:26"
1890,5760,Damage,"Bane (Plant)","Plant Bane",Untyped,"Plant Damage",0,100,"Untyped bonus to Plant Damage",NULL,1,0,0,1,1,0,0,0,0,0,0,0,0,0,0,2,0,0,0,0,0,0,0,NULL,0,"2021-05-16 23:53:26",0,"2021-05-16 23:53:26"
1900,5824,Damage,"Bane (Reptilian)","Reptillian Bane",Untyped,"Reptilian Damage",0,100,"Untyped bonus to Reptilian Damage",NULL,1,0,0,1,1,0,0,0,0,0,0,0,0,0,0,2,0,0,0,0,0,0,0,NULL,0,"2021-05-16 23:53:26",0,"2021-05-16 23:53:26"
1910,5888,Damage,"Bane (Undead)","Undead Bane",Untyped,"Undead Damage",0,100,"Untyped bonus to Undead Damage",NULL,1,0,0,1,1,0,0,0,0,0,0,0,0,0,0,2,0,0,0,0,0,0,0,NULL,0,"2021-05-16 23:53:26",0,"2021-05-16 23:53:26"
1920,5952,Damage,"Bane (Unnatural)","Unnatural Bane",Untyped,"Unnatural Damage",0,100,"Untyped bonus to Unnatural Damage",NULL,1,0,0,1,1,0,0,0,0,0,0,0,0,0,0,2,0,0,0,0,0,0,0,NULL,0,"2021-05-16 23:53:26",0,"2021-05-16 23:53:26"
1930,6016,Damage,"Bane (Vermin)","Vermin Bane",Untyped,"Vermin Damage",0,100,"Untyped bonus to Vermin Damage",NULL,1,0,0,1,1,0,0,0,0,0,0,0,0,0,0,2,0,0,0,0,0,0,0,NULL,0,"2021-05-16 23:53:26",0,"2021-05-16 23:53:26"
1940,6080,Damage,"Melee Alacrity","Melee Alac",Enhancement,"Melee Atack Speed",0,100,"Enhancement bonus to Melee Atack Speed",NULL,1,0,0,4,0,0,0,0,0,0,0,0,0,0,0,4,0,0,0,0,0,0,0,NULL,0,"2021-05-16 23:53:26",0,"2021-05-16 23:53:26"
1950,6144,Damage,"Ranged Alacrity","Ranged Alac",Enhancement,"Ranged Atack Speed",0,100,"Enhancement bonus to Ranged Atack Speed",NULL,1,0,0,0,4,0,0,0,0,0,0,0,0,0,0,4,0,0,0,0,0,0,0,NULL,0,"2021-05-16 23:53:26",0,"2021-05-16 23:53:26"
1960,6208,Damage,Bashing,Bashing,Unknown,"Force Damage",0,100,"Unknown Type bonus to Force Damage",NULL,1,0,0,1,0,0,0,0,0,0,0,0,0,0,0,1,0,0,0,0,0,0,0,NULL,0,"2021-05-16 23:53:26",0,"2021-05-16 23:53:26"
1970,6272,Damage,"Shield Spikes","Shield Spikes",Unknown,"Piercing Damage",0,100,"Unknown Type bonus to Piercing Damage",NULL,1,0,0,1,0,0,0,0,0,0,0,0,0,0,0,1,0,0,0,0,0,0,0,NULL,0,"2021-05-16 23:53:26",0,"2021-05-16 23:53:26"
1980,6336,Damage,Doubleshot,Doubleshot,Enhancement,"Passive Attack (Ranged)",0,100,"Enhancement bonus to Ranged Passive Attack Chance",NULL,1,0,0,0,8,0,0,0,0,0,0,0,0,0,0,2,0,0,0,0,0,0,0,NULL,0,"2021-05-16 23:53:26",0,"2021-05-16 23:53:26"
1990,6400,Damage,Doublestrike,Doublestrike,Enhancement,"Passive Attack (Melee)",0,100,"Enhancement bonus to Melee Passive Attack Chance",NULL,1,0,0,8,0,0,0,0,0,0,0,0,0,0,0,2,0,0,0,0,0,0,0,NULL,0,"2021-05-16 23:53:26",0,"2021-05-16 23:53:26"
2000,6464,Damage,"Shield Bashing","Shield Bashing",Enhancement,"Passive Attack (Shield)",0,100,"Enhancement bonus to Passive Attack (Shield)",NULL,1,0,0,1,0,0,0,0,0,0,0,0,0,0,0,1,0,0,0,0,0,0,0,NULL,0,"2021-05-16 23:53:26",0,"2021-05-16 23:53:26"
2010,6528,"Damage (Bypass Defense)",Armor-Piercing,Armor-Piercing,Enhancement,"Defeat Fortification",0,100,"Enhancement bonus to Defeat Fortification",NULL,1,0,0,1,1,0,0,0,0,0,0,0,0,0,0,2,0,0,0,0,3,0,3,NULL,0,"2021-05-16 23:53:26",0,"2021-05-16 23:53:26"
2020,6592,"Damage (Bypass Defense)","Adamantine (Weapon)",Adamantine,Material,"Bypass Adamantine",1,12,"Material flag to Bypass Adamantine",NULL,1,0,1,1,1,0,0,0,0,0,0,0,0,0,0,1,0,0,0,0,0,0,0,NULL,0,"2021-05-16 23:53:26",0,"2021-05-16 23:53:26"
2030,6656,"Damage (Bypass Defense)",Byeshk,Byeshk,Material,"Bypass Byeshk",1,8,"Material flag to Bypass Byeshk",NULL,1,0,1,1,1,0,0,0,0,0,0,0,0,0,0,1,0,0,0,0,0,0,0,NULL,0,"2021-05-16 23:53:26",0,"2021-05-16 23:53:26"
2040,6720,"Damage (Bypass Defense)","Cold Iron","Cold Iron",Material,"Bypass Cold Iron",1,16,"Material flag to Bypass Cold Iron",NULL,1,0,1,1,1,0,0,0,0,0,0,0,0,0,0,1,0,0,0,0,0,0,0,NULL,0,"2021-05-16 23:53:26",0,"2021-05-16 23:53:26"
2050,6784,"Damage (Bypass Defense)",Metalline,Metalline,Material,"Bypass Metalline",1,100,"Material flag to Bypass Metalline",NULL,1,0,1,1,1,0,0,0,0,0,0,0,0,0,0,1,0,0,0,0,0,0,0,NULL,0,"2021-05-16 23:53:26",0,"2021-05-16 23:53:26"
2060,6848,"Damage (Bypass Defense)",Silver,Silver,Material,"Bypass Silver",1,0,"Material flag to Bypass Silver",NULL,1,0,1,1,1,0,0,0,0,0,0,0,0,0,0,1,0,0,0,0,0,0,0,NULL,0,"2021-05-16 23:53:26",0,"2021-05-16 23:53:26"
2070,6912,"Damage (Bypass Defense)","Ghost Touch","Ghost Touch",Untyped,"Bypass Incorporeal",1,0,"Untyped flag to Bypass Incorporeal",NULL,1,0,1,1,1,0,0,0,0,0,0,0,0,0,0,1,0,0,0,0,0,0,0,NULL,0,"2021-05-16 23:53:26",0,"2021-05-16 23:53:26"
2080,6976,"Damage (Bypass Defense)",Aligned,Aligned,Untyped,"Bypass Aligned",1,100,"Untyped flag to Bypass Alignment Resistance",NULL,1,0,1,3,1,0,0,0,0,0,0,0,0,0,0,1,0,0,0,0,0,0,0,NULL,0,"2021-05-16 23:53:26",0,"2021-05-16 23:53:26"
2090,7040,"Damage (Bypass Defense)","Chaos Aligned",Chaotic,Untyped,"Bypass Chaotic",1,8,"Untyped bonus to Bypass Chaotic Resistance",Aligned,1,0,1,1,1,0,0,0,0,0,0,0,0,0,0,1,0,0,0,0,0,0,0,NULL,0,"2021-05-16 23:53:26",0,"2021-05-16 23:53:26"
2100,7104,"Damage (Bypass Defense)","Evil Aligned",Evil,Untyped,"Bypass Evil",1,8,"Untyped bonus to Bypass Evil Resistance",Aligned,1,0,1,1,1,0,0,0,0,0,0,0,0,0,0,1,0,0,0,0,0,0,0,NULL,0,"2021-05-16 23:53:26",0,"2021-05-16 23:53:26"
2110,7168,"Damage (Bypass Defense)","Good Aligned",Good,Untyped,"Bypass Good",1,12,"Untyped bonus to Bypass Good Resistance",Aligned,1,0,1,1,1,0,0,0,0,0,0,0,0,0,0,1,0,0,0,0,0,0,0,NULL,0,"2021-05-16 23:53:26",0,"2021-05-16 23:53:26"
2120,7232,"Damage (Bypass Defense)","Law Aligned",Lawful,Untyped,"Bypass Lawful",1,8,"Untyped bonus to Bypass Lawful Resistance",Aligned,1,0,1,1,1,0,0,0,0,0,0,0,0,0,0,1,0,0,0,0,0,0,0,NULL,0,"2021-05-16 23:53:26",0,"2021-05-16 23:53:26"
2130,7296,"Damage Reduction","Adamantine (Armor)",Adamantine,Adamantine,DR/Adamantine,1,12,"Adamantine bonus to DR/Adamantine",NULL,1,1,1,0,0,4,0,0,0,0,0,0,0,0,0,1,0,0,0,0,0,0,0,NULL,0,"2021-05-16 23:53:26",0,"2021-05-16 23:53:26"
2140,7360,"Damage Reduction",Invulnerability,Invulnerability,Untyped,DR/Magic,1,100,"Untyped bonus to DR/Magic",NULL,1,1,2,0,0,0,4,0,0,0,0,0,0,0,0,1,0,0,0,0,0,0,0,NULL,0,"2021-05-16 23:53:26",0,"2021-05-16 23:53:26"
2150,7424,"Damage Reduction","Resist (Acid)","Resist Acid",Enhancement,"Resist Acid",0,0,"Enhancement bonus to Resist Acid",NULL,1,1,0,0,0,0,4,0,0,0,0,0,0,0,0,1,0,0,0,0,0,0,0,NULL,0,"2021-05-16 23:53:26",0,"2021-05-16 23:53:26"
2160,7488,"Damage Reduction","Resist (Cold)","Resist Cold",Enhancement,"Resist Cold",0,0,"Enhancement bonus to Resist Cold",NULL,1,1,0,0,0,0,4,0,0,0,0,0,0,0,0,1,0,0,0,0,0,0,0,NULL,0,"2021-05-16 23:53:26",0,"2021-05-16 23:53:26"
2170,7552,"Damage Reduction","Resist (Electric)","Resist Electric",Enhancement,"Resist Electric",0,0,"Enhancement bonus to Resist Electric",NULL,1,1,0,0,0,0,4,0,0,0,0,0,0,0,0,1,0,0,0,0,0,0,0,NULL,0,"2021-05-16 23:53:26",0,"2021-05-16 23:53:26"
2180,7616,"Damage Reduction","Resist (Fire)","Resist Fire",Enhancement,"Resist Fire",0,0,"Enhancement bonus to Resist Fire",NULL,1,1,0,0,0,0,4,0,0,0,0,0,0,0,0,1,0,0,0,0,0,0,0,NULL,0,"2021-05-16 23:53:26",0,"2021-05-16 23:53:26"
2190,7680,"Damage Reduction","Resist (Poison)","Resist Poison",Enhancement,"Resist Poison",100,100,"Enhancement bonus to Resist Poison",NULL,1,1,0,0,0,0,4,0,0,0,0,0,0,0,0,1,0,0,0,0,0,0,0,NULL,0,"2021-05-16 23:53:26",0,"2021-05-16 23:53:26"
2200,7744,"Damage Reduction","Resist (Sonic)","Resist Sonic",Enhancement,"Resist Sonic",0,0,"Enhancement bonus to Resist Sonic",NULL,1,1,0,0,0,0,4,0,0,0,0,0,0,0,0,1,0,0,0,0,0,0,0,NULL,0,"2021-05-16 23:53:26",0,"2021-05-16 23:53:26"
2210,7808,"Damage Reduction","Resist (Light)","Resist Light",Enhancement,"Resist Light",100,100,"Enhancement bonus to Resist Light",NULL,1,1,0,0,0,0,4,0,0,0,0,0,0,0,0,1,0,0,0,0,0,0,0,NULL,0,"2021-05-16 23:53:26",0,"2021-05-16 23:53:26"
2220,7872,"Damage Reduction","Resist (Negative)","Resist Negative",Enhancement,"Resist Negative",100,100,"Enhancement bonus to Resist Negative",NULL,1,1,0,0,0,0,4,0,0,0,0,0,0,0,0,1,0,0,0,0,0,0,0,NULL,0,"2021-05-16 23:53:26",0,"2021-05-16 23:53:26"
2230,7936,"Damage Reduction","Insightful Resist (Acid)","Ins. Resist Acid",Insight,"Resist Acid",10,0,"Insight bonus to Resist Acid",NULL,1,1,0,0,0,0,4,0,0,0,0,0,0,0,0,1,0,0,0,0,0,0,0,NULL,0,"2021-05-16 23:53:26",0,"2021-05-16 23:53:26"
2240,8000,"Damage Reduction","Insightful Resist (Cold)","Ins. Resist Cold",Insight,"Resist Cold",10,0,"Insight bonus to Resist Cold",NULL,1,1,0,0,0,0,4,0,0,0,0,0,0,0,0,1,0,0,0,0,0,0,0,NULL,0,"2021-05-16 23:53:26",0,"2021-05-16 23:53:26"
2250,8064,"Damage Reduction","Insightful Resist (Electric)","Ins. Resist Electric",Insight,"Resist Electric",10,0,"Insight bonus to Resist Electric",NULL,1,1,0,0,0,0,4,0,0,0,0,0,0,0,0,1,0,0,0,0,0,0,0,NULL,0,"2021-05-16 23:53:26",0,"2021-05-16 23:53:26"
2260,8128,"Damage Reduction","Insightful Resist (Fire)","Ins. Resist Fire",Insight,"Resist Fire",10,0,"Insight bonus to Resist Fire",NULL,1,1,0,0,0,0,4,0,0,0,0,0,0,0,0,1,0,0,0,0,0,0,0,NULL,0,"2021-05-16 23:53:26",0,"2021-05-16 23:53:26"
2270,8192,"Damage Reduction","Insightful Resist (Poison)","Ins. Resist Poison",Insight,"Resist Poison",100,100,"Insight bonus to Resist Poison",NULL,1,1,0,0,0,0,4,0,0,0,0,0,0,0,0,1,0,0,0,0,0,0,0,NULL,0,"2021-05-16 23:53:26",0,"2021-05-16 23:53:26"
2280,8256,"Damage Reduction","Insightful Resist (Sonic)","Ins. Resist Sonic",Insight,"Resist Sonic",10,0,"Insight bonus to Resist Sonic",NULL,1,1,0,0,0,0,4,0,0,0,0,0,0,0,0,1,0,0,0,0,0,0,0,NULL,0,"2021-05-16 23:53:26",0,"2021-05-16 23:53:26"
2290,8320,"Damage Reduction","Insightful Resist (Light)","Ins. Resist Light",Insight,"Resist Light",100,100,"Insight bonus to Resist Light",NULL,1,1,0,0,0,0,4,0,0,0,0,0,0,0,0,1,0,0,0,0,0,0,0,NULL,0,"2021-05-16 23:53:26",0,"2021-05-16 23:53:26"
2300,8384,"Damage Reduction","Insightful Resist (Negative)","Ins. Resist Negative",Insight,"Resist Negative",100,100,"Insight bonus to Resist Negative",NULL,1,1,0,0,0,0,4,0,0,0,0,0,0,0,0,1,0,0,0,0,0,0,0,NULL,0,"2021-05-16 23:53:26",0,"2021-05-16 23:53:26"
2310,8448,"Damage Reduction",Sheltering,Sheltering,Enhancement,"Absorb Damage",0,0,"Enhancement bonus to both PRR and MRR",NULL,1,2,0,0,0,8,8,0,0,0,0,0,0,0,0,4,0,0,0,0,4,0,4,NULL,0,"2021-05-16 23:53:26",0,"2021-05-16 23:53:26"
2320,8512,"Damage Reduction","Insightful Magical Sheltering",IMS,Insight,"Absorb Magic",10,100,"Insight bonus to Magical Resistance Rating",NULL,1,2,0,0,0,0,8,0,0,0,0,0,0,0,0,2,0,0,0,0,4,0,4,NULL,0,"2021-05-16 23:53:26",0,"2021-05-16 23:53:26"
2330,8576,"Damage Reduction","Insightful Physical Sheltering",IPS,Insight,"Absorb Physical",10,100,"Insight bonus to Physical Resistance Rating",NULL,1,2,0,0,0,8,0,0,0,0,0,0,0,0,0,2,0,0,0,0,4,0,4,NULL,0,"2021-05-16 23:53:26",0,"2021-05-16 23:53:26"
2340,8640,"Damage Reduction","Absorption (Acid)","Abs Acid",Untyped,"Absorb Acid",0,100,"Untyped bonus to Absorb Acid",NULL,1,1,0,0,0,0,4,0,0,0,0,0,0,0,0,1,0,0,0,0,0,0,0,NULL,0,"2021-05-16 23:53:26",0,"2021-05-16 23:53:26"
2350,8704,"Damage Reduction","Absorption (Cold)","Abs Cold",Untyped,"Absorb Cold",0,100,"Untyped bonus to Absorb Cold",NULL,1,1,0,0,0,0,4,0,0,0,0,0,0,0,0,1,0,0,0,0,0,0,0,NULL,0,"2021-05-16 23:53:26",0,"2021-05-16 23:53:26"
2360,8768,"Damage Reduction","Absorption (Electricity)","Abs Elec",Untyped,"Absorb Electric",0,100,"Untyped bonus to Absorb Electric",NULL,1,1,0,0,0,0,4,0,0,0,0,0,0,0,0,1,0,0,0,0,0,0,0,NULL,0,"2021-05-16 23:53:26",0,"2021-05-16 23:53:26"
2370,8832,"Damage Reduction","Absorption (Fire)","Abs Fire",Untyped,"Absorb Fire",0,100,"Untyped bonus to Absorb Fire",NULL,1,1,0,0,0,0,4,0,0,0,0,0,0,0,0,1,0,0,0,0,0,0,0,NULL,0,"2021-05-16 23:53:26",0,"2021-05-16 23:53:26"
2380,8896,"Damage Reduction","Absorption (Sonic)","Abs Sonic",Untyped,"Absorb Sonic",0,100,"Untyped bonus to Absorb Sonic",NULL,1,1,0,0,0,0,4,0,0,0,0,0,0,0,0,1,0,0,0,0,0,0,0,NULL,0,"2021-05-16 23:53:26",0,"2021-05-16 23:53:26"
2390,8960,"Guard (AC debuff)",Unbalancing,Unbalancing,Enhancement,"AC Debuff",1,100,"Enhancement bonus to AC Debuff",NULL,1,0,1,1,1,0,0,0,0,0,0,0,0,0,0,1,0,0,0,0,0,0,0,NULL,0,"2021-05-16 23:53:26",0,"2021-05-16 23:53:26"
2400,9024,"Guard (Elemental)","Guard (Acid)","Acid Guard",Enhancement,"Acid Guard",0,100,"Enhancement bonus to Acid Guard",NULL,1,1,0,1,0,0,0,0,0,0,0,0,0,0,0,2,0,0,0,0,0,0,0,NULL,0,"2021-05-16 23:53:26",0,"2021-05-16 23:53:26"
2410,9088,"Guard (Elemental)","Guard (Fire)","Fire Guard",Enhancement,"Fire Guard",0,100,"Enhancement bonus to Fire Guard",NULL,1,1,0,1,0,0,0,0,0,0,0,0,0,0,0,2,0,0,0,0,0,0,0,NULL,0,"2021-05-16 23:53:26",0,"2021-05-16 23:53:26"
2420,9152,"Guard (Elemental)","Guard (Ice)","Ice Guard",Enhancement,"Ice Guard",0,100,"Enhancement bonus to Ice Guard",NULL,1,1,0,1,0,0,0,0,0,0,0,0,0,0,0,2,0,0,0,0,0,0,0,NULL,0,"2021-05-16 23:53:26",0,"2021-05-16 23:53:26"
2430,9216,"Guard (Elemental)","Guard (Lightning)","Lightning Guard",Enhancement,"Lightning Guard",0,100,"Enhancement bonus to Lightning Guard",NULL,1,1,0,1,0,0,0,0,0,0,0,0,0,0,0,2,0,0,0,0,0,0,0,NULL,0,"2021-05-16 23:53:26",0,"2021-05-16 23:53:26"
2440,9280,"Guard (Elemental)","Guard (Sonic)","Sonic Guard",Enhancement,"Sonic Guard",0,100,"Enhancement bonus to Sonic Guard",NULL,1,1,0,1,0,0,0,0,0,0,0,0,0,0,0,2,0,0,0,0,0,0,0,NULL,0,"2021-05-16 23:53:26",0,"2021-05-16 23:53:26"
2450,9344,"Guard (Fear)",Fearsome,Fearsome,Enhancement,Fear,1,100,"Enhancement bonus to Fear Guard",NULL,1,0,1,1,2,0,0,0,0,0,0,0,0,0,0,1,0,0,0,0,2,0,2,NULL,0,"2021-05-16 23:53:26",0,"2021-05-16 23:53:26"
2460,9408,"Guard (Rage)",Vengeful,Vengeful,Enhancement,Rage,2,100,"Enhancement bonus to Rage Guard",NULL,1,0,0,2,0,0,0,0,0,0,0,0,0,0,0,2,0,0,0,0,0,0,0,NULL,0,"2021-05-16 23:53:26",0,"2021-05-16 23:53:26"
2470,9472,Health,"False Life","False Life",Enhancement,"HP Bonus",0,0,"Enhancement bonus to Hit Points",NULL,1,8,0,0,0,0,0,16,0,0,0,0,8,0,0,8,0,0,0,0,2,0,2,NULL,0,"2021-05-16 23:53:26",0,"2021-05-16 23:53:26"
2480,9536,Health,Vitality,Vitality,Vitality,"HP Bonus",0,11,"Vitality bonus to Hit Points",NULL,1,1,0,0,0,0,0,16,0,0,0,0,8,0,0,8,0,0,0,0,2,0,2,NULL,0,"2021-05-16 23:53:26",0,"2021-05-16 23:53:26"
2490,9600,Health,Vampirism,Vampirism,Enhancement,"HP Stealing",0,100,"Enhancement bonus to HP Stealing",NULL,1,0,0,1,0,0,0,8,0,0,0,0,0,0,0,2,0,0,0,0,0,0,0,NULL,0,"2021-05-16 23:53:26",0,"2021-05-16 23:53:26"
2500,9664,Health,Regeneration,Regeneration,Regeneration,"HP Regen",1,100,"Regeneration bonus to HP Regeneration",NULL,1,1,1,0,0,0,0,1,0,0,0,0,0,0,0,1,0,0,0,0,0,0,0,NULL,0,"2021-05-16 23:53:26",0,"2021-05-16 23:53:26"
2510,9728,"Hit Chance",Accuracy,Accuracy,Competance,"To Hit Bonus",0,0,"Competance bonus to Hit Chance",NULL,1,1,0,8,8,0,0,0,0,0,0,0,0,0,0,4,0,0,0,0,0,0,0,NULL,0,"2021-05-16 23:53:26",0,"2021-05-16 23:53:26"
2520,9792,"Hit Chance","Insightful Accuracy","Ins. Accuracy",Insight,"To Hit Bonus",10,100,"Insight bonus to To Hit Chance",NULL,1,1,0,8,8,0,0,0,0,0,0,0,0,0,0,4,0,0,0,0,0,0,0,NULL,0,"2021-05-16 23:53:26",0,"2021-05-16 23:53:26"
2530,9856,"Hit Chance",Keen,Keen,Feat,"Crit Chance Bonus",0,100,"Feat bonus to Crit Chance",NULL,1,0,0,8,8,0,0,0,0,0,0,0,0,0,0,4,0,0,0,0,0,0,0,NULL,0,"2021-05-16 23:53:26",0,"2021-05-16 23:53:26"
2540,9920,"Hit Chance",Seeker,Seeker,Enhancement,"Confirm Crit Bonus",0,100,"Enhancement bonus to Confirm Critical Hits",NULL,1,0,0,8,8,0,0,0,0,0,0,0,0,0,0,4,0,0,0,0,0,0,0,NULL,0,"2021-05-16 23:53:26",0,"2021-05-16 23:53:26"
2550,9984,"Hit Chance","Insightful Seeker","Ins. Seeke",Insight,"Confirm Crit Bonus",10,100,"Insight bonus to Confirm Critical Hits",NULL,1,0,0,8,8,0,0,0,0,0,0,0,0,0,0,4,0,0,0,0,0,0,0,NULL,0,"2021-05-16 23:53:26",0,"2021-05-16 23:53:26"
2560,10048,Immunity,"Blindness Immunity","Blindness Immunity",Blindness,"Blindness Imunity",1,8,"Full Immunity to Blindness",NULL,1,1,2,0,0,0,8,0,0,0,0,0,1,0,0,2,0,0,0,0,1,0,1,NULL,0,"2021-05-16 23:53:26",0,"2021-05-16 23:53:26"
2570,10112,Immunity,"Disease Ward","Disease Ward",Enhancement,"Disease Save Bonus",0,4,"Enhancement bonus to Saves vs. Disease",NULL,1,1,0,0,0,0,8,0,0,0,0,0,1,0,0,2,0,0,0,0,1,0,1,NULL,0,"2021-05-16 23:53:26",0,"2021-05-16 23:53:26"
2580,10176,Immunity,"Poison Ward","Poison Ward",Enhancement,"Poison Save Bonus",0,4,"Enhancement bonus to Saves vs. Poison",NULL,1,1,0,0,0,0,8,0,0,0,0,0,1,0,0,2,0,0,0,0,1,0,1,NULL,0,"2021-05-16 23:53:26",0,"2021-05-16 23:53:26"
2590,10240,Immunity,"Insightful Disease Ward","Ins. Disease Ward",Insight,"Disease Save Bonus",10,100,"Insight bonus to Saves vs. Disease",NULL,1,1,0,0,0,0,8,0,0,0,0,0,1,0,0,2,0,0,0,0,1,0,1,NULL,0,"2021-05-16 23:53:26",0,"2021-05-16 23:53:26"
2600,10304,Immunity,"Insightful Poison Ward","Ins. Poison Ward",Insight,"Poison Save Bonus",10,100,"Insight bonus to Saves vs. Poison",NULL,1,1,0,0,0,0,8,0,0,0,0,0,1,0,0,2,0,0,0,0,1,0,1,NULL,0,"2021-05-16 23:53:26",0,"2021-05-16 23:53:26"
2610,10368,Immunity,"Fear Immunity","Fear Immunity",Enhancement,"Fear Immunity",0,100,"Full Immunity to Fear Effects",NULL,1,1,1,0,0,0,2,0,0,0,0,0,1,0,0,2,0,0,0,0,1,0,1,NULL,0,"2021-05-16 23:53:26",0,"2021-05-16 23:53:26"
2620,10432,"Multi (Armor Class, Saving Throws)",Parrying,Parrying,Insight,"AC Bonus, Resistance Bonus",10,100,"Insight bonus to AC and Resistance (all Saving Throws)",NULL,1,2,0,0,0,8,8,0,0,0,0,0,1,0,0,4,0,1,0,0,1,0,1,NULL,0,"2021-05-16 23:53:26",0,"2021-05-16 23:53:26"
2630,10560,"Multi (Max Dex Bonus, Arcane Spell Failure)",Mithril,Mithril,Material,"Max AC, Arcane Spell Failure",0,100,"Material bonus to Arcane Spell Failure and Max Dex Bonus to AC",NULL,1,0,1,0,0,16,0,0,0,0,0,0,0,0,0,1,0,0,0,0,0,0,0,NULL,0,"2021-05-16 23:53:26",0,"2021-05-16 23:53:26"
2640,10624,"Multi (Saving Throws, Skills)","Good Luck",Luck,Luck,"Saving Throws, Skills",12,12,"Luck bonus to Saving Throws and Skills",NULL,1,4,0,0,0,0,16,0,0,0,0,0,4,0,0,4,0,1,0,0,4,0,4,NULL,0,"2021-05-16 23:53:26",0,"2021-05-16 23:53:26"
2650,10688,"Negate (or save vs.?) Illusion Spells","Illusion Resistance","Illusion Resistance",Enhancement,"Illusion Save Bonus",0,100,"Enhancement bonus to Illusion Saving Throws",NULL,1,1,0,0,0,0,2,0,0,0,0,0,0,0,0,1,0,0,0,0,1,0,1,"Just guessing what this is.",0,"2021-05-16 23:53:26",0,"2021-05-16 23:53:26"
2660,10752,"Negate (or save vs.?) Illusion Spells","Insightful Illusion Resistance","Ins. Illusion Resistance",Insight,"Illusion Save Bonus",10,100,"Insight bonus to Illusion Saving Throws",NULL,1,1,0,0,0,0,2,0,0,0,0,0,0,0,0,1,0,0,0,0,1,0,1,"Just guessing what this is.",0,"2021-05-16 23:53:26",0,"2021-05-16 23:53:26"
2670,10816,"Negate Critical Hits",Fortification,Fortification,Enhancement,"Negate Crit",0,0,"Enhancement bonus to Negate Critical Hits",NULL,1,8,0,0,0,16,8,0,0,0,0,0,16,0,0,16,0,1,0,0,16,0,16,NULL,0,"2021-05-16 23:53:26",0,"2021-05-16 23:53:26"
2680,10880,"Negate Critical Hits","Insightful Fortification","Ins. Fortification",Insight,"Negate Crit",10,100,"Insight bonus to Negate Critical Hits",NULL,1,8,0,0,0,16,8,0,0,0,0,0,16,0,0,16,0,1,0,0,16,0,16,NULL,0,"2021-05-16 23:53:26",0,"2021-05-16 23:53:26"
2690,10944,"Negate Death Effects",Deathblock,Deathblock,Enhancement,"Negate Death",1,12,"Full Immunity to all Death Effects",NULL,1,8,8,0,0,0,16,0,0,0,0,0,32,0,0,16,0,0,0,0,16,0,16,NULL,0,"2021-05-16 23:53:26",0,"2021-05-16 23:53:26"
2700,11008,"Negate Item Damage",Everbright,Everbright,Material,"Negate Wear",1,100,"Negates Item Damage from Rust or Acid. Blinding Flash Clicky.",NULL,1,1,1,0,0,0,0,0,0,0,0,0,0,0,0,0,0,0,0,0,0,0,0,NULL,0,"2021-05-16 23:53:26",0,"2021-05-16 23:53:26"
2710,11072,"Negate Spells","Spell Resistance","Spell Resistance",Enhancement,"Negate Spells",0,0,"Enhancement bonus to Negate Spell Effects",NULL,1,1,0,0,0,0,4,0,0,0,0,0,1,0,0,2,0,0,0,0,4,0,4,NULL,0,"2021-05-16 23:53:26",0,"2021-05-16 23:53:26"
2720,11136,"Negate Spells","Insightful Spell Resistance","Ins. Spell Resistance",Insight,"Negate Spells",10,100,"Insight bonus to Negate Spell Effects",NULL,1,1,0,0,0,0,4,0,0,0,0,0,1,0,0,2,0,0,0,0,4,0,4,NULL,0,"2021-05-16 23:53:26",0,"2021-05-16 23:53:26"
2730,11200,"Saving Throws (All)",Resistance,Resistance,Resistance,"Saves (All)",0,0,"Resistance bonus to ALL Saving Throws",NULL,1,8,0,0,0,0,32,0,0,0,0,0,1,0,0,16,0,0,0,0,16,0,16,NULL,0,"2021-05-16 23:53:26",0,"2021-05-16 23:53:26"
2740,11264,"Saving Throws (Enchantments)","Enchantment Resistance","Ench. Resist",Enhancement,"Saves (Enchantments)",0,100,"Enhancement bonus to Enchantment Saving Throws",NULL,1,1,0,0,0,0,2,0,0,0,0,0,1,0,0,2,0,0,0,0,0,0,0,NULL,0,"2021-05-16 23:53:26",0,"2021-05-16 23:53:26"
2750,11328,"Saving Throws (Enchantments)","Insightful Enchantment Resistance","Ins. Ench. Resist",Insight,"Saves (Enchantments)",10,100,"Insight bonus to Enchantments Saving Throws",NULL,1,1,0,0,0,0,2,0,0,0,0,0,1,0,0,1,0,0,0,0,0,0,0,NULL,0,"2021-05-16 23:53:26",0,"2021-05-16 23:53:26"
2760,11392,"Saving Throws (Fortitude)",Fortitude,Fortitude,Enhancement,"Saves (Fort)",0,0,"Enhancement bonus to Fortification Saving Throws",NULL,1,1,0,0,0,0,2,0,0,0,0,0,0,0,0,2,0,0,0,0,0,0,0,NULL,0,"2021-05-16 23:53:26",0,"2021-05-16 23:53:26"
2770,11456,"Saving Throws (Reflex)",Reflex,Reflex,Enhancement,"Saves (Reflex)",0,100,"Enhancement bonus to Reflex Saving Throws",NULL,1,1,0,0,0,4,0,0,0,0,0,0,0,0,0,2,0,0,0,0,0,0,0,NULL,0,"2021-05-16 23:53:26",0,"2021-05-16 23:53:26"
2780,11520,"Saving Throws (Spells)","Spell Saves","Spell Saves",Enhancement,"Saves (Spells)",0,100,"Enhancement bonus to Spell Saving Throws",NULL,1,1,0,0,0,0,4,0,0,0,0,0,1,0,0,2,0,0,0,0,0,0,0,NULL,0,"2021-05-16 23:53:26",0,"2021-05-16 23:53:26"
2790,11584,"Saving Throws (Spells)","Insightful Spell Saves","Ins. Spell Saves",Insight,"Saves (Spells)",10,100,"Insight bonus to Spell Saving Throws",NULL,1,1,0,0,0,0,4,0,0,0,0,0,1,0,0,2,0,0,0,0,0,0,0,NULL,0,"2021-05-16 23:53:26",0,"2021-05-16 23:53:26"
2800,11648,"Saving Throws (Will)",Will,Will,Enhancement,"Saves (Will)",0,100,"Enhancement bonus to Will Saving Throws",NULL,1,1,0,0,0,0,4,0,0,0,0,0,1,0,0,2,0,0,0,0,0,0,0,NULL,0,"2021-05-16 23:53:26",0,"2021-05-16 23:53:26"
2810,11712,Skill,Persuasion,Persuasion,Competancy,"Charisma Skills",1,100,"+3 Competancy bonus to ALL Charisma Skills",NULL,1,1,1,0,0,0,0,0,0,0,0,0,0,0,0,0,0,0,0,0,0,0,0,NULL,0,"2021-05-16 23:53:26",0,"2021-05-16 23:53:26"
2820,11776,Skill,"Skill (Balance)",Balance,Enhancement,Balance,0,0,"Enhancement bonus to Balance",NULL,1,1,0,1,0,4,0,0,0,0,0,0,0,0,0,4,0,1,0,0,4,0,4,NULL,0,"2021-05-16 23:53:26",0,"2021-05-16 23:53:26"
2830,11840,Skill,"Skill (Bluff)",Bluff,Enhancement,Bluff,0,0,"Enhancement bonus to Bluff",NULL,1,0,0,0,1,0,0,0,0,0,0,0,1,0,0,1,0,0,0,0,1,0,1,NULL,0,"2021-05-16 23:53:26",0,"2021-05-16 23:53:26"
2840,11904,Skill,"Skill (Concentration)",Concentration,Enhancement,Concentration,0,0,"Enhancement bonus to Concentration",NULL,1,0,0,0,0,0,0,0,0,3,0,0,8,0,0,0,0,3,0,0,8,0,8,NULL,0,"2021-05-16 23:53:26",0,"2021-05-16 23:53:26"
2850,11968,Skill,"Skill (Diplomacy)",Diplomacy,Enhancement,Diplomacy,0,0,"Enhancement bonus to Diplomacy",NULL,1,0,0,0,0,0,0,0,0,0,0,0,0,0,0,0,0,1,0,0,0,0,0,NULL,0,"2021-05-16 23:53:26",0,"2021-05-16 23:53:26"
2860,12032,Skill,"Skill (Disable Device)","Disable Device",Enhancement,"Disable Device",0,0,"Enhancement bonus to Disable Device",NULL,1,0,0,0,0,0,0,0,0,3,0,0,0,0,0,0,0,0,0,0,0,0,0,NULL,0,"2021-05-16 23:53:26",0,"2021-05-16 23:53:26"
2870,12096,Skill,"Skill (Haggle)",Haggle,Enhancement,Haggle,0,0,"Enhancement bonus to Haggle",NULL,1,1,0,0,0,0,0,0,0,0,0,0,0,0,0,0,0,0,0,0,0,0,0,NULL,0,"2021-05-16 23:53:26",0,"2021-05-16 23:53:26"
2880,12160,Skill,"Skill (Heal)",Heal,Enhancement,Heal,0,0,"Enhancement bonus to Heal",NULL,1,1,0,0,0,0,0,0,0,0,0,0,1,0,0,0,0,1,0,0,0,0,0,NULL,0,"2021-05-16 23:53:26",0,"2021-05-16 23:53:26"
2890,12224,Skill,"Skill (Hide)",Hide,Enhancement,Hide,0,0,"Enhancement bonus to Hide",NULL,1,0,0,0,0,0,0,0,0,0,0,0,0,0,0,0,0,0,0,0,0,0,0,NULL,0,"2021-05-16 23:53:26",0,"2021-05-16 23:53:26"
2900,12288,Skill,Blueshine,Blueshine,Competance,Hide,1,100,"+3 Competance bonus to Hide",NULL,1,0,1,0,0,0,0,0,0,0,0,0,0,0,0,0,0,0,0,0,0,0,0,NULL,0,"2021-05-16 23:53:26",0,"2021-05-16 23:53:26"
2910,12352,Skill,"Skill (Intimidate)",Intimidate,Enhancement,Intimidate,0,0,"Enhancement bonus to Intimidate",NULL,1,0,0,4,0,4,0,0,0,0,0,0,0,0,0,2,0,1,0,0,0,0,0,NULL,0,"2021-05-16 23:53:26",0,"2021-05-16 23:53:26"
2920,12416,Skill,"Skill (Jump)",Jump,Enhancement,Jump,0,0,"Enhancement bonus to Jump",NULL,1,4,0,0,0,2,0,0,0,0,0,0,0,0,0,2,0,0,0,0,8,0,8,NULL,0,"2021-05-16 23:53:26",0,"2021-05-16 23:53:26"
2930,12480,Skill,"Skill (Listen)",Listen,Enhancement,Listen,0,0,"Enhancement bonus to Listen",NULL,1,1,0,0,1,0,0,0,0,0,0,0,0,0,0,0,0,0,0,0,4,0,4,NULL,0,"2021-05-16 23:53:26",0,"2021-05-16 23:53:26"
2940,12544,Skill,"Skill (Move Silently)","Move Silently",Enhancement,"Move Silently",0,0,"Enhancement bonus to Move Silently",NULL,1,0,0,0,0,0,0,0,0,0,0,0,0,0,0,0,0,0,0,0,0,0,0,NULL,0,"2021-05-16 23:53:26",0,"2021-05-16 23:53:26"
2950,12608,Skill,"Skill (Open Lock)","Open Lock",Enhancement,"Open Lock",0,0,"Enhancement bonus to Open Lock",NULL,1,0,0,0,0,0,0,0,0,3,0,0,0,0,0,0,0,0,0,0,0,0,0,NULL,0,"2021-05-16 23:53:26",0,"2021-05-16 23:53:26"
2960,12672,Skill,"Skill (Perform)",Perform,Enhancement,Perform,0,0,"Enhancement bonus to Perform (A.K.A. Songblade)",NULL,1,0,0,0,0,0,0,0,0,0,0,0,0,0,0,0,0,0,0,0,0,0,0,NULL,0,"2021-05-16 23:53:26",0,"2021-05-16 23:53:26"
2980,12800,Skill,"Skill (Repair)",Repair,Enhancement,Repair,0,0,"Enhancement bonus to Repair",NULL,1,1,0,0,0,0,0,0,0,1,0,0,1,0,0,0,0,0,0,0,0,0,0,NULL,0,"2021-05-16 23:53:26",0,"2021-05-16 23:53:26"
2990,12864,Skill,"Skill (Search)",Search,Enhancement,Search,0,0,"Enhancement bonus to Search",NULL,1,1,0,0,0,0,0,0,0,3,0,0,0,0,0,0,0,0,0,0,0,0,0,NULL,0,"2021-05-16 23:53:26",0,"2021-05-16 23:53:26"
3000,12928,Skill,Spellsight,Spellsight,Enhancement,Spellcraft,0,0,"Enhancement bonus to Spellcraft",NULL,1,0,0,0,0,0,0,0,0,10,0,0,32,0,0,0,0,5,0,0,32,0,32,NULL,0,"2021-05-16 23:53:26",0,"2021-05-16 23:53:26"
3010,12992,Skill,"Skill (Spot)",Spot,Enhancement,Spot,0,0,"Enhancement bonus to Spot",NULL,1,1,0,0,1,0,0,0,0,3,0,0,0,0,0,0,0,0,0,0,4,0,4,NULL,0,"2021-05-16 23:53:26",0,"2021-05-16 23:53:26"
3020,13056,Skill,"Skill (Swim)",Swim,Enhancement,Swim,0,0,"Enhancement bonus to Swim",NULL,1,1,0,0,0,0,0,0,0,0,0,0,0,0,0,0,0,0,0,0,0,0,0,NULL,0,"2021-05-16 23:53:26",0,"2021-05-16 23:53:26"
3030,13120,Skill,"Skill (Tumble)",Tumble,Enhancement,Tumble,0,0,"Enhancement bonus to Tumble",NULL,1,0,0,0,0,0,0,0,0,0,0,0,0,0,0,0,0,0,0,0,0,0,0,NULL,0,"2021-05-16 23:53:26",0,"2021-05-16 23:53:26"
3040,13184,Skill,"Skill (Use Magic Device)",UMD,Enhancement,UMD,0,0,"Enhancement bonus to UMD",NULL,1,1,0,0,0,0,0,0,0,3,0,0,0,0,0,0,0,0,0,0,0,0,0,NULL,0,"2021-05-16 23:53:26",0,"2021-05-16 23:53:26"
3050,13248,Skill,"Insightful Skill (Balance)","Ins. Balance",Insight,Balance,10,100,"Insight bonus to Balance",NULL,1,1,0,1,0,4,0,0,0,0,0,0,0,0,0,4,0,1,0,0,4,0,4,NULL,0,"2021-05-16 23:53:26",0,"2021-05-16 23:53:26"
3060,13312,Skill,"Insightful Skill (Bluff)","Ins. Bluff",Insight,Bluff,10,100,"Insight bonus to Bluff",NULL,1,0,0,0,1,0,0,0,0,0,0,0,0,0,0,1,0,0,0,0,1,0,1,NULL,0,"2021-05-16 23:53:26",0,"2021-05-16 23:53:26"
3070,13376,Skill,"Insightful Skill (Concentration)","Ins. Concentration",Insight,Concentration,10,100,"Insight bonus to Concentration",NULL,1,0,0,0,1,0,0,0,0,3,0,0,8,0,0,0,0,3,0,0,8,0,8,NULL,0,"2021-05-16 23:53:26",0,"2021-05-16 23:53:26"
3080,13440,Skill,"Insightful Skill (Diplomacy)","Ins. Diplomacy",Insight,Diplomacy,10,100,"Insight bonus to Diplomacy",NULL,1,0,0,0,0,0,0,0,0,0,0,0,0,0,0,0,0,1,0,0,0,0,0,NULL,0,"2021-05-16 23:53:26",0,"2021-05-16 23:53:26"
3090,13504,Skill,"Insightful Skill (Disable Device)","Ins. Disable Device",Insight,"Disable Device",10,100,"Insight bonus to Disable Device",NULL,1,0,0,0,0,0,0,0,0,3,0,0,0,0,0,0,0,0,0,0,0,0,0,NULL,0,"2021-05-16 23:53:26",0,"2021-05-16 23:53:26"
3100,13568,Skill,"Insightful Skill (Haggle)","Ins. Haggle",Insight,Haggle,10,100,"Insight bonus to Haggle",NULL,1,1,0,0,0,0,0,0,0,0,0,0,0,0,0,0,0,0,0,0,0,0,0,NULL,0,"2021-05-16 23:53:26",0,"2021-05-16 23:53:26"
3110,13632,Skill,"Insightful Skill (Heal)","Ins. Heal",Insight,Heal,10,100,"Insight bonus to Heal",NULL,1,1,0,0,0,0,0,0,0,0,0,0,1,0,0,0,0,1,0,0,0,0,0,NULL,0,"2021-05-16 23:53:26",0,"2021-05-16 23:53:26"
3120,13696,Skill,"Insightful Skill (Hide)","Ins. Hide",Insight,Hide,10,100,"Insight bonus to Hide",NULL,1,0,0,0,0,0,0,0,0,0,0,0,0,0,0,0,0,0,0,0,0,0,0,NULL,0,"2021-05-16 23:53:26",0,"2021-05-16 23:53:26"
3130,13760,Skill,"Insightful Skill (Intimidate)","Ins. Intimidate",Insight,Intimidate,10,100,"Insight bonus to Intimidate",NULL,1,0,0,4,0,4,0,0,0,0,0,0,0,0,0,2,0,3,0,0,0,0,0,NULL,0,"2021-05-16 23:53:26",0,"2021-05-16 23:53:26"
3140,13824,Skill,"Insightful Skill (Jump)","Ins. Jump",Insight,Jump,10,100,"Insight bonus to Jump",NULL,1,4,0,0,0,2,0,0,0,0,0,0,0,0,0,2,0,0,0,0,8,0,8,NULL,0,"2021-05-16 23:53:26",0,"2021-05-16 23:53:26"
3150,13888,Skill,"Insightful Skill (Listen)","Ins. Listen",Insight,Listen,10,100,"Insight bonus to Listen",NULL,1,1,0,0,1,0,0,0,0,0,0,0,0,0,0,0,0,0,0,0,4,0,4,NULL,0,"2021-05-16 23:53:26",0,"2021-05-16 23:53:26"
3160,13952,Skill,"Insightful Skill (Move Silently)","Ins. Move Silently",Insight,"Move Silently",10,100,"Insight bonus to Move Silently",NULL,1,0,0,0,0,0,0,0,0,0,0,0,0,0,0,0,0,0,0,0,0,0,0,NULL,0,"2021-05-16 23:53:26",0,"2021-05-16 23:53:26"
3170,14016,Skill,"Insightful Skill (Open Lock)","Ins. Open Lock",Insight,"Open Lock",10,100,"Insight bonus to Open Lock",NULL,1,0,0,0,0,0,0,0,0,3,0,0,0,0,0,0,0,0,0,0,0,0,0,NULL,0,"2021-05-16 23:53:26",0,"2021-05-16 23:53:26"
3180,14080,Skill,"Insightful Skill (Perform)","Ins. Perform",Insight,Perform,10,100,"Insight bonus to Perform",NULL,1,0,0,0,0,0,0,0,0,0,0,0,0,0,0,0,0,0,0,0,0,0,0,NULL,0,"2021-05-16 23:53:26",0,"2021-05-16 23:53:26"
3190,14144,Skill,"Insightful Skill (Repair)","Ins. Repair",Insight,Repair,10,100,"Insight bonus to Repair",NULL,1,1,0,0,0,0,0,0,0,1,0,0,1,0,0,0,0,0,0,0,0,0,0,NULL,0,"2021-05-16 23:53:26",0,"2021-05-16 23:53:26"
3200,14208,Skill,"Insightful Skill (Search)","Ins. Search",Insight,Search,10,100,"Insight bonus to Search",NULL,1,1,0,0,0,0,0,0,0,3,0,0,0,0,0,0,0,0,0,0,0,0,0,NULL,0,"2021-05-16 23:53:26",0,"2021-05-16 23:53:26"
3210,14272,Skill,"Insightful Spellsight","Ins. Spellsight",Insight,Spellcraft,10,100,"Insight bonus to Spellcraft",NULL,1,0,0,0,0,0,0,0,0,5,0,0,32,0,0,0,0,5,0,0,32,0,32,NULL,0,"2021-05-16 23:53:26",0,"2021-05-16 23:53:26"
3220,14336,Skill,"Insightful Skill (Spot)","Ins. Spot",Insight,Spot,10,100,"Insight bonus to Spot",NULL,1,1,0,0,1,0,0,0,0,3,0,0,0,0,0,0,0,0,0,0,4,0,4,NULL,0,"2021-05-16 23:53:26",0,"2021-05-16 23:53:26"
3230,14400,Skill,"Insightful Skill (Swim)","Ins. Swim",Insight,Swim,10,100,"Insight bonus to Swim",NULL,1,1,0,0,0,0,0,0,0,0,0,0,0,0,0,0,0,0,0,0,0,0,0,NULL,0,"2021-05-16 23:53:26",0,"2021-05-16 23:53:26"
3240,14464,Skill,"Insightful Skill (Tumble)","Ins. Tumble",Insight,Tumble,10,100,"Insight bonus to Tumble",NULL,1,0,0,0,0,0,0,0,0,0,0,0,0,0,0,0,0,0,0,0,0,0,0,NULL,0,"2021-05-16 23:53:26",0,"2021-05-16 23:53:26"
3250,14528,Skill,"Insightful Skill (Use Magic Device)","Ins. UMD",Insight,UMD,10,100,"Insight bonus to UMD",NULL,1,1,0,0,0,0,0,0,0,3,0,0,0,0,0,0,0,0,0,0,0,0,0,NULL,0,"2021-05-16 23:53:26",0,"2021-05-16 23:53:26"
3260,14656,"Spell Critical Chance","Spell Lore (Acid)","Acid Lore",Equipment,"Spell Crit Chance (Acid)",0,100,"Equipment bonus to Acid Spell Crit Chance",NULL,1,0,0,0,0,0,0,0,0,1,0,0,0,0,0,0,0,0,0,0,4,0,4,NULL,0,"2021-05-16 23:53:26",0,"2021-05-16 23:53:26"
3270,14720,"Spell Critical Chance","Spell Lore (Fire)","Fire Lore",Equipment,"Spell Crit Chance (Fire)",0,100,"Equipment bonus to Fire Spell Crit Chance",NULL,1,0,0,0,0,0,0,0,0,1,0,0,0,0,0,0,0,0,0,0,4,0,4,NULL,0,"2021-05-16 23:53:26",0,"2021-05-16 23:53:26"
3280,14784,"Spell Critical Chance","Spell Lore (Healing)","Healing Lore",Equipment,"Spell Crit Chance (Healing)",0,100,"Equipment bonus to Healing Spell Crit Chance",NULL,1,0,0,0,0,0,0,0,0,1,0,0,16,0,0,0,0,0,0,0,4,0,4,NULL,0,"2021-05-16 23:53:26",0,"2021-05-16 23:53:26"
3290,14848,"Spell Critical Chance","Spell Lore (Ice)","Ice Lore",Equipment,"Spell Crit Chance (Ice)",0,100,"Equipment bonus to Cold Spell Crit Chance",NULL,1,0,0,0,0,0,0,0,0,1,0,0,0,0,0,0,0,0,0,0,4,0,4,NULL,0,"2021-05-16 23:53:26",0,"2021-05-16 23:53:26"
3300,14912,"Spell Critical Chance","Spell Lore (Laceration)","Laceration Lore",Equipment,"Spell Crit Chance (Laceration)",0,100,"Equipment bonus to Laceration Spell Crit Chance",NULL,1,0,0,0,0,0,0,0,0,1,0,0,0,0,0,0,0,0,0,0,4,0,4,NULL,0,"2021-05-16 23:53:26",0,"2021-05-16 23:53:26"
3310,14976,"Spell Critical Chance","Spell Lore (Lightning)","Lightning Lore",Equipment,"Spell Crit Chance (Lightning)",0,100,"Equipment bonus to Electricity Spell Crit Chance",NULL,1,0,0,0,0,0,0,0,0,1,0,0,0,0,0,0,0,0,0,0,4,0,4,NULL,0,"2021-05-16 23:53:26",0,"2021-05-16 23:53:26"
3320,15040,"Spell Critical Chance","Spell Lore (Radiance)","Radiance Lore",Equipment,"Spell Crit Chance (Radiance)",0,100,"Equipment bonus to Light Spell Crit Chance",NULL,1,0,0,0,0,0,0,0,0,1,0,0,0,0,0,0,0,0,0,0,4,0,4,NULL,0,"2021-05-16 23:53:26",0,"2021-05-16 23:53:26"
3330,15104,"Spell Critical Chance","Spell Lore (Repair)","Repair Lore",Equipment,"Spell Crit Chance (Repair)",0,100,"Equipment bonus to Repair Spell Crit Chance",NULL,1,0,0,0,0,0,0,0,0,1,0,0,0,0,0,0,0,0,0,0,4,0,4,NULL,0,"2021-05-16 23:53:26",0,"2021-05-16 23:53:26"
3340,15168,"Spell Critical Chance","Spell Lore (Sonic)","Sonic Lore",Equipment,"Spell Crit Chance (Sonic)",0,100,"Equipment bonus to Sonic Spell Crit Chance",NULL,1,0,0,0,0,0,0,0,0,1,0,0,0,0,0,0,0,0,0,0,4,0,4,NULL,0,"2021-05-16 23:53:26",0,"2021-05-16 23:53:26"
3350,15232,"Spell Critical Chance","Spell Lore (Void Lore)","Void Lore",Equipment,"Spell Crit Chance (Void)",0,100,"Equipment bonus to Negative Spell Crit Chance",NULL,1,0,0,0,0,0,0,0,0,1,0,0,0,0,0,0,0,0,0,0,4,0,4,NULL,0,"2021-05-16 23:53:26",0,"2021-05-16 23:53:26"
3360,15296,"Spell Critical Chance","Spell Lore (Universal)","Universal Lore",Equipment,"Spell Crit Chance (All)",0,100,"Equipment bonus to All Spell's Crit Chance",NULL,1,0,0,0,0,0,0,0,0,10,0,0,0,0,0,0,0,0,0,0,4,0,4,NULL,0,"2021-05-16 23:53:26",0,"2021-05-16 23:53:26"
3370,15360,"Spell DC","Spell Focus (Abjuration)","Abjuration Focus",Equipment,"Spell DC (Abjuration)",0,0,"Equipment bonus to Spell DC (Abjuration)",NULL,1,0,0,0,0,0,0,0,0,3,0,0,0,0,0,0,0,0,0,0,4,0,4,NULL,0,"2021-05-16 23:53:26",0,"2021-05-16 23:53:26"
3380,15424,"Spell DC","Spell Focus (Conjuration)","Conjuration Focus",Equipment,"Spell DC (Conjuration)",0,0,"Equipment bonus to Spell DC (Conjuration)",NULL,1,0,0,0,0,0,0,0,0,3,0,0,0,0,0,0,0,0,0,0,4,0,4,NULL,0,"2021-05-16 23:53:26",0,"2021-05-16 23:53:26"
3390,15488,"Spell DC","Spell Focus (Divination)","Divination Focus",Equipment,"Spell DC (Divination)",0,0,"Equipment bonus to Spell DC (Divination)",NULL,1,0,0,0,0,0,0,0,0,0,0,0,0,0,0,0,0,5,0,0,4,0,4,NULL,0,"2021-05-16 23:53:26",0,"2021-05-16 23:53:26"
3400,15552,"Spell DC","Spell Focus (Enchantment)","Enchantment Focus",Equipment,"Spell DC (Enchantment)",0,0,"Equipment bonus to Spell DC (Enchantment)",NULL,1,0,0,0,0,0,0,0,0,0,0,0,0,0,0,0,0,0,0,0,4,0,4,NULL,0,"2021-05-16 23:53:26",0,"2021-05-16 23:53:26"
3410,15616,"Spell DC","Spell Focus (Evocation)","Evocation Focus",Equipment,"Spell DC (Evocation)",0,0,"Equipment bonus to Spell DC (Evocation)",NULL,1,0,0,0,0,0,0,0,0,3,0,0,0,0,0,0,0,0,0,0,4,0,4,NULL,0,"2021-05-16 23:53:26",0,"2021-05-16 23:53:26"
3420,15680,"Spell DC","Spell Focus (Illusion)","Illusion Focus",Equipment,"Spell DC (Illusion)",0,0,"Equipment bonus to Spell DC (Illusion)",NULL,1,0,0,0,0,0,0,0,0,0,0,0,0,0,0,0,0,0,0,0,4,0,4,NULL,0,"2021-05-16 23:53:26",0,"2021-05-16 23:53:26"
3430,15744,"Spell DC","Spell Focus (Necromancy)","Necromancy Focus",Equipment,"Spell DC (Necromancy)",0,0,"Equipment bonus to Spell DC (Necromancy)",NULL,1,0,0,0,0,0,0,0,0,0,0,0,0,0,0,0,0,0,0,0,4,0,4,NULL,0,"2021-05-16 23:53:26",0,"2021-05-16 23:53:26"
3440,15808,"Spell DC","Spell Focus (Transmutation)","Transmutation Focus",Equipment,"Spell DC (Transmutation)",0,0,"Equipment bonus to Spell DC (Transmutation)",NULL,1,0,0,0,0,0,0,0,0,3,0,0,0,0,0,0,0,0,0,0,4,0,4,NULL,0,"2021-05-16 23:53:26",0,"2021-05-16 23:53:26"
3450,15872,"Spell DC","Spell Focus Mastery","Spell Focus Mastery",Equipment,"Spell DC (All)",0,0,"Equipment bonus to ALL Spell DCs",NULL,1,0,0,0,0,0,0,0,0,3,0,0,5,0,0,0,0,0,0,0,16,0,16,NULL,0,"2021-05-16 23:53:26",0,"2021-05-16 23:53:26"
3460,15936,"Spell DC","Insightful Spell Focus (Abjuration)","Ins. Abjuration Focus",Insight,"Spell DC (Abjuration)",10,100,"Insight bonus to Spell DC (Abjuration)",NULL,1,0,0,0,0,0,0,0,0,3,0,0,0,0,0,0,0,0,0,0,4,0,4,NULL,0,"2021-05-16 23:53:26",0,"2021-05-16 23:53:26"
3470,16000,"Spell DC","Insightful Spell Focus (Conjuration)","Ins. Conjuration Focus",Insight,"Spell DC (Conjuration)",10,100,"Insight bonus to Spell DC (Conjuration)",NULL,1,0,0,0,0,0,0,0,0,3,0,0,0,0,0,0,0,0,0,0,4,0,4,NULL,0,"2021-05-16 23:53:26",0,"2021-05-16 23:53:26"
3480,16064,"Spell DC","Insightful Spell Focus (Divination)","Ins. Divination Focus",Insight,"Spell DC (Divination)",10,100,"Insight bonus to Spell DC (Divination)",NULL,1,0,0,0,0,0,0,0,0,0,0,0,0,0,0,0,0,5,0,0,4,0,4,NULL,0,"2021-05-16 23:53:26",0,"2021-05-16 23:53:26"
3490,16128,"Spell DC","Insightful Spell Focus (Enchantment)","Ins. Enchantment Focus",Insight,"Spell DC (Enchantment)",10,100,"Insight bonus to Spell DC (Enchantment)",NULL,1,0,0,0,0,0,0,0,0,0,0,0,0,0,0,0,0,0,0,0,4,0,4,NULL,0,"2021-05-16 23:53:26",0,"2021-05-16 23:53:26"
3500,16192,"Spell DC","Insightful Spell Focus (Evocation)","Ins. Evocation Focus",Insight,"Spell DC (Evocation)",10,100,"Insight bonus to Spell DC (Evocation)",NULL,1,0,0,0,0,0,0,0,0,3,0,0,0,0,0,0,0,0,0,0,4,0,4,NULL,0,"2021-05-16 23:53:26",0,"2021-05-16 23:53:26"
3510,16256,"Spell DC","Insightful Spell Focus (Illusion)","Ins. Illusion Focus",Insight,"Spell DC (Illusion)",10,100,"Insight bonus to Spell DC (Illusion)",NULL,1,0,0,0,0,0,0,0,0,0,0,0,0,0,0,0,0,0,0,0,4,0,4,NULL,0,"2021-05-16 23:53:26",0,"2021-05-16 23:53:26"
3520,16320,"Spell DC","Insightful Spell Focus (Necromancy)","Ins. Necromancy Focus",Insight,"Spell DC (Necromancy)",10,100,"Insight bonus to Spell DC (Necromancy)",NULL,1,0,0,0,0,0,0,0,0,0,0,0,0,0,0,0,0,0,0,0,4,0,4,NULL,0,"2021-05-16 23:53:26",0,"2021-05-16 23:53:26"
3530,16384,"Spell DC","Insightful Spell Focus (Transmutation)","Ins. Transmutation Focus",Insight,"Spell DC (Transmutation)",10,100,"Insight bonus to Spell DC (Transmutation)",NULL,1,0,0,0,0,0,0,0,0,3,0,0,0,0,0,0,0,0,0,0,4,0,4,NULL,0,"2021-05-16 23:53:26",0,"2021-05-16 23:53:26"
3540,16400,Speed,Striding/Speed,Striding,Enhancement,Speed,0,0,"Enhancement bonus to Movement and (at high Min Levels) Combat Speed",NULL,1,8,0,16,16,4,2,0,0,0,0,0,0,0,0,16,0,0,0,0,4,0,4,NULL,0,"2021-05-16 23:53:26",0,"2021-05-16 23:53:26"
3550,16448,"Spell Effect","Feather Fall","Feather Fall",Enhancement,Featherfall,1,4,"Confers Featherfall",NULL,1,8,8,0,0,0,0,0,0,0,0,0,0,0,0,0,0,0,0,0,0,0,0,NULL,0,"2021-05-16 23:53:26",0,"2021-05-16 23:53:26"
3555,16449,Special,"Master's Gift","Master's Gift",Enhancement,XP,100,0,"Enhancement bonus to XP",NULL,1,8,8,0,0,0,0,0,0,0,0,0,0,0,0,0,0,0,0,0,0,0,0,NULL,0,"2021-05-16 23:53:26",0,"2021-05-16 23:53:26"
3560,16512,"Spell Effect","True Sight","True Sight",Enhancement,"True Seeing",1,100,"Confers True Seeing",NULL,1,2,4,4,4,0,0,0,0,0,0,0,0,0,0,2,0,0,0,0,2,0,2,NULL,0,"2021-05-16 23:53:26",0,"2021-05-16 23:53:26"
3570,16576,"Spell Effect","Underwater Action",US,Enhancement,"Underwater Action",1,4,"Confers Underwater Action",NULL,1,2,2,0,0,0,0,0,0,0,0,0,0,0,0,0,0,0,0,0,0,0,0,NULL,0,"2021-05-16 23:53:26",0,"2021-05-16 23:53:26"
3580,16640,"Spell Points",Wizardry,Wizardry,Enhancement,"Spell Points",0,0,"Enhancement bonus to Spell Points",NULL,1,0,0,0,0,0,0,0,0,20,0,0,32,0,0,0,0,5,0,0,32,0,32,NULL,0,"2021-05-16 23:53:26",0,"2021-05-16 23:53:26"
3590,16704,"Spell Points","Insightful Wizardry","Ins. Wizardry",Insight,"Spell Points",10,100,"Insight bonus to Spell Points",NULL,1,0,0,0,0,0,0,0,0,5,0,0,32,0,0,0,0,3,0,0,32,0,32,NULL,0,"2021-05-16 23:53:26",0,"2021-05-16 23:53:26"
3600,16768,"Spell Points","Efficient Metamagic (Empower Healing)","Efficient Emp. Heal",Enhancement,"Eff. Empower Heal",2,100,"Reduces Cost of Empower Heal",NULL,1,0,0,0,0,0,0,0,0,0,0,0,8,0,0,0,0,3,0,0,0,0,0,NULL,0,"2021-05-16 23:53:26",0,"2021-05-16 23:53:26"
3610,16832,"Spell Points","Efficient Metamagic (Empower)","Efficient Empower",Enhancement,"Eff. Empower",2,100,"Reduces Cost of Empower Spell",NULL,1,0,0,0,0,0,0,0,0,3,0,0,0,0,0,0,0,0,0,0,8,0,8,NULL,0,"2021-05-16 23:53:26",0,"2021-05-16 23:53:26"
3620,16896,"Spell Points","Efficient Metamagic (Enlarge)","Efficient Enlarge",Enhancement,"Eff. Enlarge",2,100,"Reduces Cost of Enlarge Spell",NULL,1,0,0,0,0,0,0,0,0,1,0,0,0,0,0,0,0,0,0,0,4,0,4,NULL,0,"2021-05-16 23:53:26",0,"2021-05-16 23:53:26"
3630,16960,"Spell Points","Efficient Metamagic (Extend)","Efficient Extend",Enhancement,"Eff. Extend",2,100,"Reduces Cost of Extend Spell",NULL,1,0,0,0,0,0,0,0,0,1,0,0,0,0,0,0,0,0,0,0,4,0,4,NULL,0,"2021-05-16 23:53:26",0,"2021-05-16 23:53:26"
3640,17024,"Spell Points","Efficient Metamagic (Maximize)","Efficient Maximize",Enhancement,"Eff. Maximize",2,100,"Reduces Cost of Maximize Spell",NULL,1,0,0,0,0,0,0,0,0,3,0,0,0,0,0,0,0,0,0,0,8,0,8,NULL,0,"2021-05-16 23:53:26",0,"2021-05-16 23:53:26"
3650,17088,"Spell Power (Damage)",Potency,Potency,Equipment,"Spell Power (All)",0,100,"Equipment bonus to Spell Power (All)",NULL,1,0,0,0,0,0,0,0,0,20,0,0,32,0,20,0,0,5,0,0,32,0,32,NULL,0,"2021-05-16 23:53:26",0,"2021-05-16 23:53:26"
3660,17152,"Spell Power (Damage)","Spell Power (Combustion)","SP Combustion",Equipment,"Spell Power (Combustion)",0,0,"Equipment bonus to Spell Power (Combustion)",NULL,1,0,0,0,0,0,0,0,0,3,0,0,0,0,0,0,0,0,0,0,4,0,4,NULL,0,"2021-05-16 23:53:26",0,"2021-05-16 23:53:26"
3670,17216,"Spell Power (Damage)","Spell Power (Corrosion)","SP Corrosion",Equipment,"Spell Power (Corrosion)",0,0,"Equipment bonus to Spell Power (Corrosion)",NULL,1,0,0,0,0,0,0,0,0,3,0,0,0,0,0,0,0,0,0,0,4,0,4,NULL,0,"2021-05-16 23:53:26",0,"2021-05-16 23:53:26"
3680,17280,"Spell Power (Damage)","Spell Power (Devotion)","SP Devotion",Equipment,"Spell Power (Devotion)",0,0,"Equipment bonus to Spell Power (Devotion)",NULL,1,0,0,0,0,0,0,0,0,0,0,0,16,0,0,0,0,3,0,0,4,0,4,NULL,0,"2021-05-16 23:53:26",0,"2021-05-16 23:53:26"
3690,17344,"Spell Power (Damage)","Spell Power (Glaciation)","SP Glaciation",Equipment,"Spell Power (Glaciation)",0,0,"Equipment bonus to Spell Power (Glaciation)",NULL,1,0,0,0,0,0,0,0,0,3,0,0,0,0,0,0,0,0,0,0,4,0,4,NULL,0,"2021-05-16 23:53:26",0,"2021-05-16 23:53:26"
3700,17408,"Spell Power (Damage)","Spell Power (Impulse)","SP Impulse",Equipment,"Spell Power (Impulse)",0,0,"Equipment bonus to Spell Power (Impulse)",NULL,1,0,0,0,0,0,0,0,0,1,0,0,0,0,0,0,0,0,0,0,4,0,4,NULL,0,"2021-05-16 23:53:26",0,"2021-05-16 23:53:26"
3710,17472,"Spell Power (Damage)","Spell Power (Magnetism)","SP Magnetism",Equipment,"Spell Power (Magnetism)",0,0,"Equipment bonus to Spell Power (Magnetism)",NULL,1,0,0,0,0,0,0,0,0,3,0,0,0,0,0,0,0,0,0,0,4,0,4,NULL,0,"2021-05-16 23:53:26",0,"2021-05-16 23:53:26"
3720,17536,"Spell Power (Damage)","Spell Power (Nullification)","SP Nullification",Equipment,"Spell Power (Nullification)",0,0,"Equipment bonus to Spell Power (Nullification)",NULL,1,0,0,0,0,0,0,0,0,0,0,0,0,0,0,0,0,0,0,0,4,0,4,NULL,0,"2021-05-16 23:53:26",0,"2021-05-16 23:53:26"
3730,17600,"Spell Power (Damage)","Spell Power (Radiance)","SP Radiance",Equipment,"Spell Power (Radiance)",0,0,"Equipment bonus to Spell Power (Radiance)",NULL,1,0,0,0,0,0,0,0,0,1,0,0,0,0,0,0,0,0,0,0,4,0,4,NULL,0,"2021-05-16 23:53:26",0,"2021-05-16 23:53:26"
3740,17664,"Spell Power (Damage)","Spell Power (Reconstruction)","SP Reconstruction",Equipment,"Spell Power (Reconstruction)",0,0,"Equipment bonus to Spell Power (Reconstruction)",NULL,1,0,0,0,0,0,0,0,0,1,0,0,0,0,0,0,0,0,0,0,4,0,4,NULL,0,"2021-05-16 23:53:26",0,"2021-05-16 23:53:26"
3750,17728,"Spell Power (Damage)","Spell Power (Resonance)","SP Resonance",Equipment,"Spell Power (Resonance)",0,0,"Equipment bonus to Spell Power (Resonance)",NULL,1,0,0,0,0,0,0,0,0,1,0,0,0,0,0,0,0,0,0,0,4,0,4,NULL,0,"2021-05-16 23:53:26",0,"2021-05-16 23:53:26"
3760,17792,"Spell Power (Damage)","Insightful Spell Power (Combustion)","Ins. SP Combustion",Insight,"Spell Power (Combustion)",10,100,"Insight bonus to Spell Power (Combustion)",NULL,1,0,0,0,0,0,0,0,0,3,0,0,0,0,0,0,0,0,0,0,4,0,4,NULL,0,"2021-05-16 23:53:26",0,"2021-05-16 23:53:26"
3770,17856,"Spell Power (Damage)","Insightful Spell Power (Corrosion)","Ins. SP Corrosion",Insight,"Spell Power (Corrosion)",10,100,"Insight bonus to Spell Power (Corrosion)",NULL,1,0,0,0,0,0,0,0,0,3,0,0,0,0,0,0,0,0,0,0,4,0,4,NULL,0,"2021-05-16 23:53:26",0,"2021-05-16 23:53:26"
3780,17920,"Spell Power (Damage)","Insightful Spell Power (Devotion)","Ins. SP Devotion",Insight,"Spell Power (Devotion)",10,100,"Insight bonus to Spell Power (Devotion)",NULL,1,0,0,0,0,0,0,0,0,0,0,0,16,0,0,0,0,3,0,0,4,0,4,NULL,0,"2021-05-16 23:53:26",0,"2021-05-16 23:53:26"
3790,17984,"Spell Power (Damage)","Insightful Spell Power (Glaciation)","Ins. SP Glaciation",Insight,"Spell Power (Glaciation)",10,100,"Insight bonus to Spell Power (Glaciation)",NULL,1,0,0,0,0,0,0,0,0,3,0,0,0,0,0,0,0,0,0,0,4,0,4,NULL,0,"2021-05-16 23:53:26",0,"2021-05-16 23:53:26"
3800,18048,"Spell Power (Damage)","Insightful Spell Power (Impulse)","Ins. SP Impulse",Insight,"Spell Power (Impulse)",10,100,"Insight bonus to Spell Power (Impulse)",NULL,1,0,0,0,0,0,0,0,0,1,0,0,0,0,0,0,0,0,0,0,4,0,4,NULL,0,"2021-05-16 23:53:26",0,"2021-05-16 23:53:26"
3810,18112,"Spell Power (Damage)","Insightful Spell Power (Magnetism)","Ins. SP Magnetism",Insight,"Spell Power (Magnetism)",10,100,"Insight bonus to Spell Power (Magnetism)",NULL,1,0,0,0,0,0,0,0,0,3,0,0,0,0,0,0,0,0,0,0,4,0,4,NULL,0,"2021-05-16 23:53:26",0,"2021-05-16 23:53:26"
3820,18176,"Spell Power (Damage)","Insightful Spell Power (Nullification)","Ins. SP Nullification",Insight,"Spell Power (Nullification)",10,100,"Insight bonus to Spell Power (Nullification)",NULL,1,0,0,0,0,0,0,0,0,0,0,0,0,0,0,0,0,0,0,0,4,0,4,NULL,0,"2021-05-16 23:53:26",0,"2021-05-16 23:53:26"
3830,18240,"Spell Power (Damage)","Insightful Spell Power (Radiance)","Ins. SP Radiance",Insight,"Spell Power (Radiance)",10,100,"Insight bonus to Spell Power (Radiance)",NULL,1,0,0,0,0,0,0,0,0,1,0,0,0,0,0,0,0,0,0,0,4,0,4,NULL,0,"2021-05-16 23:53:26",0,"2021-05-16 23:53:26"
3840,18304,"Spell Power (Damage)","Insightful Spell Power (Reconstruction)","Ins. SP Reconstruction",Insight,"Spell Power (Reconstruction)",10,100,"Insight bonus to Spell Power (Reconstruction)",NULL,1,0,0,0,0,0,0,0,0,1,0,0,0,0,0,0,0,0,0,0,4,0,4,NULL,0,"2021-05-16 23:53:26",0,"2021-05-16 23:53:26"
3850,18368,"Spell Power (Damage)","Insightful Spell Power (Resonance)","Ins. SP Resonance",Insight,"Spell Power (Resonance)",10,100,"Insight bonus to Spell Power (Resonance)",NULL,1,0,0,0,0,0,0,0,0,1,0,0,0,0,0,0,0,0,0,0,4,0,4,NULL,0,"2021-05-16 23:53:26",0,"2021-05-16 23:53:26"
3860,18432,"Spell Power (Healing)","Healing Amplification","Healing Amp",Enhancement,"Spell Power (Heal)",0,100,"Enhancement bonus to Spell Power (Heal)",NULL,1,0,0,0,0,0,0,1,0,0,0,0,16,0,0,0,0,1,0,0,4,0,4,NULL,0,"2021-05-16 23:53:26",0,"2021-05-16 23:53:26"
3870,18496,"Spell Power (Healing)","Negative Amplification","Negative Amp",Enhancement,"Spell Power (Negative)",0,100,"Enhancement bonus to Spell Power (Negative)",NULL,1,0,0,0,0,0,0,0,0,0,0,0,0,0,0,0,0,0,0,0,1,0,1,NULL,0,"2021-05-16 23:53:26",0,"2021-05-16 23:53:26"
3880,18560,"Spell Power (Healing)","Repair Amplification","Repair Amp",Enhancement,"Spell Power (Repair)",0,100,"Enhancement bonus to Spell Power (Repair)",NULL,1,0,0,0,0,0,0,1,0,1,0,0,1,0,0,0,0,0,0,0,1,0,1,NULL,0,"2021-05-16 23:53:26",0,"2021-05-16 23:53:26"
3890,18624,"Spell Power (Negate SR)","Spell Penetration","Spell Pen",Equipment,"Negate SR",0,100,"Equipment bonus to Negate Spell Resistance",NULL,1,0,0,0,0,0,0,0,0,1,0,0,5,0,0,0,0,0,0,0,32,0,32,NULL,0,"2021-05-16 23:53:26",0,"2021-05-16 23:53:26"
3900,18688,"Spell Power (Negate SR)","Insightful Spell Penetration","Ins. Spell Pen",Insight,"Negate SR",10,100,"Insight bonus to Negate Spell Resistance",NULL,1,0,0,0,0,0,0,0,0,1,0,0,5,0,0,0,0,0,0,0,32,0,32,NULL,0,"2021-05-16 23:53:26",0,"2021-05-16 23:53:26"
3910,18752,"Turning Hit Dice","Silver Flame","Silver Flame",Enhancement,"Turning HD",1,100,"Enhancement bonus to Turning Hit Dice",NULL,1,0,1,0,0,0,0,0,0,0,0,0,16,0,0,0,0,3,0,0,0,0,0,NULL,0,"2021-05-16 23:53:26",0,"2021-05-16 23:53:26"
3920,18816,"Turning Level","Eternal Faith","Eternal Faith",Enhancement,"Turning Level",1,100,"Enhancement bonus to Turning Level",NULL,1,0,1,0,0,0,0,0,0,0,0,0,16,0,0,0,0,3,0,0,0,0,0,"Unsure of type. Does it stack?",0,"2021-05-16 23:53:26",0,"2021-05-16 23:53:26"
3930,18880,"Turning Level",Sacred,Sacred,Sacred,"Turning Level",1,100,"Sacred bonus to Turning Level",NULL,1,0,1,0,0,0,0,0,0,0,0,0,16,0,0,0,0,3,0,0,0,0,0,NULL,0,"2021-05-16 23:53:26",0,"2021-05-16 23:53:26"
